"species_group","kingdom","habitat_id","habitat","CF_occ_avg_reg","CF_occ_avg_reg_rsd","CF_occ_avg_glo","CF_occ_avg_glo_rsd","CF_occ_mar_reg","CF_occ_mar_reg_rsd","CF_occ_mar_glo","CF_occ_mar_glo_rsd","CF_tra_avg_reg","CF_tra_avg_reg_rsd","CF_tra_avg_glo","CF_tra_avg_glo_rsd","CF_tra_mar_reg","CF_tra_mar_reg_rsd","CF_tra_mar_glo","CF_tra_mar_glo_rsd","quality","weighting"
"Amphibians","Animalia",2.5,"Cropland_LightIntense",3.69701797374889e-12,1.65663628028883,3.10027411303675e-15,4.15619271814449,1.26495608531998e-11,2.85353079229506,6.98911563557423e-15,3.74726365947671,1.4450336461001e-09,1.56016765021733,8.06985483215869e-13,3.33667392447221,5.03398877469477e-09,2.82672746198504,1.84436085207303e-12,2.97983442999411,"original","land_use"
"Amphibians","Animalia",4,"Cropland_Minimal",2.18905416582378e-12,3.81290099455489,2.89405553564342e-15,5.84862201624446,6.09593041905071e-12,4.63561077447097,5.8372538555313e-15,5.34801421283885,4.64508328819101e-10,3.61375102628694,4.40231862639444e-13,6.96137343864371,1.11349474144365e-09,3.57292679377251,8.94435910645617e-13,6.29969636660983,"original","land_use"
"Amphibians","Animalia",5,"Managed_forest_Intense",1.86519506289091e-12,1.86724322734675,2.12316853707283e-15,2.7520824066926,3.14691497837872e-12,1.9327086851634,3.60089728868394e-15,2.87476350477271,5.99289926548534e-10,1.95463048687324,3.91665547729358e-13,2.93005584673199,9.46340933765416e-10,1.99116208696579,6.59415179443479e-13,3.01327134295265,"original","land_use"
"Amphibians","Animalia",6,"Managed_forest_Light",6.75197391389476e-13,2.87520718667783,9.22893031628968e-16,3.99355313461573,1.06471767459549e-12,2.62118338146005,1.53101363921219e-15,4.11712655921622,3.43224712646033e-10,3.04100704504604,2.40459090324119e-13,2.81911028304665,5.06954390186577e-10,2.67955214245692,3.81580687585067e-13,2.96456930681806,"original","land_use"
"Amphibians","Animalia",7,"Managed_forest_Minimal",1.62917439984313e-13,3.69404158624078,2.53469053362399e-16,3.99714228382418,2.45272492302336e-13,3.28625740160369,3.91625467814431e-16,4.11190516753412,8.66247731044113e-11,3.04965089647891,6.89956428497566e-14,2.69943634151675,1.24976641844932e-10,2.56600801932002,1.0501780502721e-13,2.76104850237353,"original","land_use"
"Amphibians","Animalia",8.5,"Pasture_LightIntense",3.08155018472115e-12,2.41257988975545,3.72188402279377e-15,3.99037683852294,1.07964307791859e-11,3.0378546247911,9.25309257927842e-15,3.66079032286208,1.00364448542117e-09,4.52768659608315,8.66338017800924e-13,3.47378190794814,3.71789404647501e-09,3.69569536253504,2.13061297363192e-12,3.2200618056222,"original","land_use"
"Amphibians","Animalia",10,"Pasture_Minimal",5.02609199474175e-11,2.4493401992972,1.75815758386928e-15,6.11921873977843,5.87998218594700e-11,2.24137104873414,4.09995672193014e-15,5.39733780898935,3.57199749639622e-08,2.53285321415141,4.63320659022151e-13,5.15024665156188,4.00482974628404e-08,2.41661395588907,1.09762608624588e-12,4.8589174096674,"original","land_use"
"Amphibians","Animalia",11.5,"Plantation_LightIntense",8.14902577036416e-12,2.45231485375179,2.22810476514183e-14,2.3380547867619,1.3758433009385e-11,1.92194080214275,3.67846727852368e-14,2.15017100577369,3.86062922293325e-09,1.88626217589076,7.85479153214078e-12,1.81619341863452,6.57197092199525e-09,1.7293130502943,1.31523375919270e-11,1.70991548746199,"original","land_use"
"Amphibians","Animalia",13,"Plantation_Minimal",6.23673927642162e-12,2.43331460783292,2.43115900669172e-14,2.50615906907984,1.09639370677822e-11,1.70445191987839,4.50643552486338e-14,2.20148855288537,1.18880195460515e-09,2.33232108983053,4.82704684946735e-12,3.03043700149088,2.04290746095278e-09,1.74006393560392,8.66286920695619e-12,2.6093948781688,"original","land_use"
"Amphibians","Animalia",14,"Urban_Intense",7.51300200412011e-12,2.08891891703434,1.17965981446585e-14,3.60363186928383,1.91803627548294e-11,2.06326275177709,2.20707799549507e-14,3.23651931804093,3.07797252938286e-09,2.79270136249516,4.19616284714443e-12,2.51573030554395,7.55213822959964e-09,2.1471209531321,8.00054660104846e-12,2.24886075754668,"original","land_use"
"Amphibians","Animalia",15,"Urban_Light",6.60433718585041e-12,2.48908584220246,8.39255483345535e-15,3.07126724064366,1.7261757084765e-11,3.22130184953385,1.53216342148626e-14,2.86757031682053,3.08704072892943e-09,2.57722345070559,3.45558726808772e-12,2.00391063169959,7.72504762013007e-09,2.87226138922304,6.48307149979503e-12,1.90921718961073,"original","land_use"
"Amphibians","Animalia",16,"Urban_Minimal",5.80119918305187e-12,2.88362814668636,6.06714760048693e-15,3.89293496124618,1.27782310232403e-11,2.67049468889014,9.87603987007007e-15,3.25514548443793,2.65031768397616e-09,1.69903488072455,2.32694216839596e-12,2.38069227758172,5.86910369874474e-09,2.12431637873537,4.01148883946716e-12,2.21590126970733,"original","land_use"
"Birds","Animalia",2.5,"Cropland_LightIntense",2.1818671271491e-12,2.08751888491856,2.20452005785507e-15,3.46895689993602,3.87419435991156e-10,27.8104085078497,2.0678832699292e-14,16.5544886357166,8.44378337844229e-10,1.80873835947076,5.89570362158763e-13,2.41331460442633,1.51018659117716e-07,27.805105596389,7.39162543433205e-12,18.0425962054501,"original","land_use"
"Birds","Animalia",4,"Cropland_Minimal",1.42164286087224e-12,5.09446994540164,2.44351048770715e-15,4.69938625938263,4.47048525227029e-12,15.5182282158911,4.93489243850024e-15,3.64052658103296,3.28352136112235e-10,10.0059900241555,3.57387363707664e-13,6.15405130109902,9.99864415359013e-10,26.6649639547768,7.49123691645268e-13,5.18676701793482,"original","land_use"
"Birds","Animalia",5,"Managed_forest_Intense",9.00764164399562e-13,2.33370373198676,1.45787946519214e-15,2.03494353443361,1.45871600027351e-12,2.57263589060648,2.33673832112811e-15,1.96262632137762,2.9097768300228e-10,2.3036476853451,2.67774482054333e-13,2.17910590621008,4.38950732802734e-10,2.51465485047767,4.19980026723543e-13,2.17154206928952,"original","land_use"
"Birds","Animalia",6,"Managed_forest_Light",3.11676027724092e-13,7.05887895078631,3.85089294035497e-16,11.4376098884286,4.70769238421004e-13,6.17353241913109,5.95403630999469e-16,11.8650246396311,1.51502699708857e-10,12.5459974849202,9.94180251192577e-14,6.93288359300776,2.15719059844367e-10,11.2371939769418,1.45090491056036e-13,7.60080944701812,"original","land_use"
"Birds","Animalia",7,"Managed_forest_Minimal",7.2025149928753e-14,9.10170622239201,9.87686924226175e-17,16.4850876839549,1.02291962161973e-13,7.98874034376615,1.44755281811958e-16,17.4454838804375,3.36125686950936e-11,13.4902356148597,2.44179056536722e-14,10.7098107240195,4.62024946686512e-11,12.3261047534602,3.48950006593237e-14,11.3851683052052,"original","land_use"
"Birds","Animalia",8.5,"Pasture_LightIntense",1.88011129159191e-12,1.84890587744955,2.28048047160698e-15,1.69745164304777,6.7529792721e-11,53.7233913802248,9.198709438206e-15,15.0072256971583,6.09739803706902e-10,2.3193050148204,4.90547578791437e-13,1.54515599245789,2.6040210147698e-08,54.298028592283,2.65187751712936e-12,20.2519452831554,"original","land_use"
"Birds","Animalia",10,"Pasture_Minimal",2.19828825231407e-12,4.24884821112386,1.66095129222866e-15,2.91413695430196,3.35465150433198e-11,82.8725477363702,6.83532389951189e-15,14.3145961547933,9.80751179503604e-10,6.68393432140234,4.32710297102689e-13,2.67115926290815,1.32389566380577e-08,81.3023196028547,2.21790604002843e-12,17.0009034503259,"original","land_use"
"Birds","Animalia",11.5,"Plantation_LightIntense",3.32426270928697e-12,3.32225953382753,4.77404618644805e-15,3.62818550625273,4.89027785303561e-12,2.95563537654363,7.059984524245e-15,3.17121238868263,1.50093338246875e-09,2.35799854573319,1.34002536780588e-12,2.83950553666085,2.15824474790588e-09,2.23861303101826,1.96226581668297e-12,2.5127073461283,"original","land_use"
"Birds","Animalia",13,"Plantation_Minimal",2.82573602446903e-12,2.86454838445875,7.72741172207432e-15,3.66495070716778,4.35524524149033e-12,2.26950260188784,1.17187088077751e-14,2.92137271128735,5.21996156898535e-10,2.58301745216683,1.42124859876792e-12,3.21217025752836,7.913388568712e-10,2.13441958857505,2.11742457139714e-12,2.64071616619604,"original","land_use"
"Birds","Animalia",14,"Urban_Intense",4.19830159430756e-12,2.04244642922686,4.31081924783031e-15,2.16253152930902,2.02605093893025e-10,39.2841844795229,2.05330034965926e-14,25.2701896666201,1.68304183293687e-09,2.19481972867887,1.34630519426405e-12,1.6062049128896,7.88862285686814e-08,39.3217491718989,7.25172566286921e-12,27.8751682059211,"original","land_use"
"Birds","Animalia",15,"Urban_Light",3.67214454812332e-12,2.65267392429548,3.44525641748856e-15,2.97786788729649,7.03943224913051e-10,23.8380870854492,3.01745764641314e-14,17.6885521299296,1.64191571630815e-09,1.78503966219683,1.17130432839465e-12,1.70064862901712,2.7488872268205e-07,23.7912368378926,1.15301486027929e-11,18.0352761521059,"original","land_use"
"Birds","Animalia",16,"Urban_Minimal",3.12468101835693e-12,3.40172989389663,3.15720259591658e-15,5.53291561384797,1.90593074966961e-10,36.0113281583399,1.26121511089263e-14,20.1042417769792,1.41276341203046e-09,1.73413222748255,9.72559090380218e-13,2.97269920450548,7.43282568741005e-08,35.7500357390289,4.59429491552829e-12,21.2952705938013,"original","land_use"
"Mammals","Animalia",2.5,"Cropland_LightIntense",2.80128978660738e-12,1.75767197272449,2.95573717497894e-15,1.92571419239529,6.00285171676543e-11,21.0444846817045,1.13207131242557e-14,2.63984593224244,1.17602888031406e-09,1.58149393620471,9.42712959474555e-13,1.40687719481461,2.48773402193672e-08,21.0306269665339,3.78181443834301e-12,2.79344349717918,"original","land_use"
"Mammals","Animalia",4,"Cropland_Minimal",1.83625102807006e-12,4.29259568375568,3.90918555164899e-15,4.17879655363851,6.1479384420607e-12,4.76130542070526,8.59412784415289e-15,3.36282872911263,4.2712832492379e-10,4.13262471213259,6.29446834166051e-13,4.99989230809196,1.31752449284205e-09,3.86801793775756,1.40973215983051e-12,3.98921418835495,"original","land_use"
"Mammals","Animalia",5,"Managed_forest_Intense",1.08477206670513e-12,1.82663311738978,1.78985391456522e-15,1.21929489046794,1.92355509315627e-12,2.0191419946751,3.43320011631978e-15,2.47182539314538,3.88081236974068e-10,2.36456339091233,3.56525036274963e-13,1.34885023370775,6.21623688963159e-10,2.30693399197929,6.63763524148855e-13,2.46837608566084,"original","land_use"
"Mammals","Animalia",6,"Managed_forest_Light",4.01623111280894e-13,5.68615204306326,5.19514722868321e-16,10.375184365527,6.44447749650626e-13,4.76123921960208,8.74629265895154e-16,9.85206895236945,2.18948775085688e-10,9.33101736808814,1.57406785969393e-13,5.70580358254858,3.24706654957351e-10,8.0463479803229,2.45190032228214e-13,5.84924711688003,"original","land_use"
"Mammals","Animalia",7,"Managed_forest_Minimal",9.56822725413425e-14,8.40809416443329,1.36784232123053e-16,14.9402110750796,1.42315155149769e-13,6.90506568883822,2.06164800484827e-16,15.0081400085981,5.01247405341241e-11,11.2422364908868,4.1262123412138e-14,9.03929212857361,7.15470952581712e-11,9.49511790975986,6.09081850673047e-14,8.83420536467531,"original","land_use"
"Mammals","Animalia",8.5,"Pasture_LightIntense",2.22315016115341e-12,1.92781149348947,3.39242490724811e-15,2.11414975802991,1.99908808850423e-11,28.8928807910106,1.17554588233651e-14,2.94786083100606,7.64608592053577e-10,2.03746700505169,8.13996143141379e-13,1.78936851108974,7.83406094841205e-09,30.5391016576685,2.95980168883558e-12,2.7413235496262,"original","land_use"
"Mammals","Animalia",10,"Pasture_Minimal",2.65171538661066e-12,4.34731840243796,1.94664012038222e-15,1.94813454819128,1.08560382795223e-11,29.7604564951067,5.56063253724883e-15,2.03329076394746,1.23174210477164e-09,6.56586695872508,5.82671974042725e-13,2.15473245758371,4.71803416834132e-09,28.2536781094864,1.8102227102505e-12,2.13711116501904,"original","land_use"
"Mammals","Animalia",11.5,"Plantation_LightIntense",4.41612290774141e-12,3.05975207022939,9.24018641632436e-15,1.72103190360897,7.15930485008243e-12,2.45714242886707,1.58706427261029e-14,1.72918503412753,2.16230631875814e-09,2.20733194974456,2.90224367913019e-12,1.4878496799566,3.38316025585067e-09,1.99361990473231,4.71870123476389e-12,1.51766024867313,"original","land_use"
"Mammals","Animalia",13,"Plantation_Minimal",3.54313335145447e-12,2.61608499419624,1.43710140183633e-14,1.14970175580301,6.48415632526509e-12,1.74182564630438,2.6854471612709e-14,0.854638332950684,6.8627851640931e-10,2.34912762000975,2.69641122748612e-12,1.11953835842437,1.22752128229648e-09,1.63532764757964,4.95864431372997e-12,0.851732225020735,"original","land_use"
"Mammals","Animalia",14,"Urban_Intense",4.9169806075523e-12,1.82646084732085,5.75503902262365e-15,3.19867747285346,4.24910109335065e-11,25.0551543754061,1.4699891681984e-14,3.50970892377908,2.17002976753355e-09,2.14843674473414,2.00016039155031e-12,2.4781434356367,1.75775012871897e-08,25.082240327082,5.11828797259574e-12,3.57132906326295,"original","land_use"
"Mammals","Animalia",15,"Urban_Light",4.2421490147188e-12,2.13174365520484,4.24715387208224e-15,2.26097255221744,7.85631008362106e-11,21.0220550522195,1.01976913362639e-14,2.7839957106181,2.11215252656649e-09,1.56273528470342,1.7021323566191e-12,1.47543589092013,3.3374415123347e-08,20.4936402003664,4.13484830203153e-12,2.47621646042306,"original","land_use"
"Mammals","Animalia",16,"Urban_Minimal",3.65523916537856e-12,3.02580103861371,4.57825159041391e-15,6.486452906058,4.32979177496112e-11,26.5255114323285,8.45981316379769e-15,4.81875370584546,1.8100277143893e-09,1.5673497887311,1.64052291694218e-12,3.06639827422955,1.85859662170169e-08,25.4214882512215,3.28638324200013e-12,3.06591613233463,"original","land_use"
"Reptiles","Animalia",2.5,"Cropland_LightIntense",3.92573372431352e-12,1.79469314784706,4.4803078178395e-15,2.85807648884691,1.39487864801389e-11,1.78023182605647,1.321798501822e-14,2.60822360242228,1.54376519779349e-09,1.6710644026451,1.15481204697914e-12,2.23396971238002,5.4595990415704e-09,1.69710576993984,3.54429615780198e-12,2.16204552105046,"original","land_use"
"Reptiles","Animalia",4,"Cropland_Minimal",2.56147770836115e-12,3.91731741332005,2.89267360847222e-15,4.6831684174881,7.78458536399969e-12,4.25502277475179,6.44664154085493e-15,4.36303422548242,6.01179209789957e-10,4.09394261380148,4.16934306561057e-13,6.39363905043856,1.6582866728018e-09,3.33372987381995,9.72087223614679e-13,5.57016852355093,"original","land_use"
"Reptiles","Animalia",5,"Managed_forest_Intense",1.65426926434601e-12,1.98795429463829,1.95003416741969e-15,2.33369463062297,2.78927445714439e-12,2.01088845722199,3.80913587701717e-15,2.8901982109628,5.57645957550785e-10,2.0709576261282,3.69690534306713e-13,2.63529365200596,8.82940330023752e-10,2.10563697530033,7.19163397444762e-13,3.04123513180706,"original","land_use"
"Reptiles","Animalia",6,"Managed_forest_Light",6.16705760921691e-13,2.55098760507147,6.73188365284538e-16,5.03131707165087,9.78482019575669e-13,2.47799607564409,1.16665776633328e-15,4.92685327037499,3.102213981323e-10,1.85529224361038,1.63262515645541e-13,3.70425049125277,4.64792989138565e-10,1.89433155879496,2.72559703376165e-13,3.67171491647368,"original","land_use"
"Reptiles","Animalia",7,"Managed_forest_Minimal",1.45999788206754e-13,3.99831135290895,1.69391708618698e-16,6.32086786113407,2.23512745003058e-13,3.58583019258674,2.72980233397736e-16,6.40455112821758,7.33665786483339e-11,2.08186103491034,4.42121681639615e-14,4.23677312294284,1.08622703409713e-10,1.98181152317599,7.03257665262551e-14,4.26545851911919,"original","land_use"
"Reptiles","Animalia",8.5,"Pasture_LightIntense",3.07568994662922e-12,1.85467990696578,4.38510482677897e-15,2.59294818041361,1.10600729475129e-11,2.49074169310285,1.2779860741395e-14,2.97474181869682,9.9285544382169e-10,2.77581872560114,9.87473211070906e-13,2.32927885402864,3.7372238435731e-09,2.92785416812322,2.88264894044284e-12,2.59643051029669,"original","land_use"
"Reptiles","Animalia",10,"Pasture_Minimal",2.57413911300546e-11,2.11250248891906,2.8366835882966e-15,3.9577981169364,4.24283508984411e-11,1.84348328128744,6.41465409493734e-15,5.06881358631142,1.76986261765283e-08,2.25200050780255,6.53930550885139e-13,3.06903961841761,2.72891660875918e-08,2.07393078356107,1.51393841845716e-12,3.68792223527203,"original","land_use"
"Reptiles","Animalia",11.5,"Plantation_LightIntense",7.65875537106391e-12,2.57673682176315,1.18156883200875e-14,2.61092785537049,1.29929747604742e-11,1.9865296061435,1.90826503916625e-14,2.54697790602141,3.62245267045578e-09,1.95457411284082,3.13368832360351e-12,2.43723940376346,6.20498217128283e-09,1.75346903517527,4.91757869092842e-12,2.26997133092416,"original","land_use"
"Reptiles","Animalia",13,"Plantation_Minimal",5.90658576601676e-12,2.43191110457526,1.09671032233825e-14,2.16717176642841,1.04660736306251e-11,1.67583751533986,2.22909806872163e-14,2.68329086219721,1.12520942224497e-09,2.30291299745098,2.05818159382248e-12,2.22857672315269,1.94933113035395e-09,1.6924710873308,4.05215146925991e-12,2.60326512861286,"original","land_use"
"Reptiles","Animalia",14,"Urban_Intense",7.30688558824901e-12,1.76901685434207,8.06379349191921e-15,3.04882935218389,2.05375181949593e-11,1.70412577045876,1.93729072120435e-14,2.64830370769602,3.05501492845366e-09,1.68980709809403,2.31521279442954e-12,2.76588880332216,8.18845866782505e-09,1.52661201391378,5.5953325832938e-12,2.28142549424092,"original","land_use"
"Reptiles","Animalia",15,"Urban_Light",6.75862643776338e-12,2.17682189969803,6.95517572529018e-15,4.78250982389231,1.701155764395e-11,1.80404760930429,1.47060547654488e-14,4.35352358398416,3.19516634994804e-09,1.64630482720435,2.0795531712563e-12,2.99756845461033,7.90231501894656e-09,1.48445351855042,4.48974063011907e-12,2.63670702844465,"original","land_use"
"Reptiles","Animalia",16,"Urban_Minimal",6.36241616151499e-12,2.64889989125265,8.27902421952467e-15,5.00840791329934,1.40546896863456e-11,2.06135244875442,1.39287184281489e-14,4.60178224089309,3.02596191493603e-09,1.51423857532036,2.38786757176486e-12,3.61427146782119,6.76291376005719e-09,1.55026199683882,4.17210061419042e-12,2.99858076344583,"original","land_use"
"Plants","Plantae",2,"Cropland_Intense",3.75380274138758e-12,2.16856658715614,2.96514185679346e-15,2.45640201122118,1.29995842238427e-11,1.81549208029529,8.15065506469905e-15,1.96546105336778,1.32184679447695e-09,1.89030959184139,8.7641745988361e-13,1.72022527804099,4.98976834046776e-09,1.63325037396394,2.66644561105744e-12,1.32127530602191,"original","land_use"
"Plants","Plantae",3,"Cropland_Light",2.45816797596084e-12,3.14137231867689,3.13823024280659e-15,2.68737464818583,7.79465627829036e-12,2.01831568953999,7.25556326538249e-15,2.16514059420498,7.86960924951874e-10,2.03059947379155,8.37134978027844e-13,2.37702524788085,2.77298825735941e-09,1.4351735723725,2.0787132482832e-12,1.78168417095786,"original","land_use"
"Plants","Plantae",4,"Cropland_Minimal",1.92715040417988e-12,5.69942847801177,2.50519080142536e-15,1.96181995764973,4.29157257477434e-12,4.9029111621071,4.94153963342134e-15,2.40356716395649,4.08149693272313e-10,11.6674363193226,3.299690628206e-13,3.44651278482519,1.03304869077615e-09,10.9883817238401,7.03851337232034e-13,3.7942800336918,"original","land_use"
"Plants","Plantae",5,"Managed_forest_Intense",2.90245635076001e-12,2.7549157908504,5.73238439646029e-15,2.17321738316521,5.46070747709555e-12,2.3235537991256,1.08962052822992e-14,2.29567127145974,7.01623215166239e-10,2.54106620195085,9.9247798504684e-13,2.47203328035378,1.45862575640595e-09,2.56277266514345,1.93439063507554e-12,2.49879032796699,"original","land_use"
"Plants","Plantae",6,"Managed_forest_Light",1.8171520077107e-12,2.75278404486422,2.76179606366757e-15,2.58901135131106,3.65072088794757e-12,2.28693159183504,5.40105142238268e-15,2.4149914238087,6.75202027000533e-10,2.61192455330962,6.55568306146029e-13,2.18498578030531,1.46374582935491e-09,2.17925219375444,1.34874147511455e-12,2.04786951991344,"original","land_use"
"Plants","Plantae",7,"Managed_forest_Minimal",7.24207080510803e-13,4.78843249809834,9.38198532466436e-16,2.44638540293394,1.23728622700623e-12,3.61175874622579,1.59832279866832e-15,2.20909046593568,2.90918832079898e-10,5.47660862689001,2.61577468280139e-13,1.98839338015113,5.22724637789513e-10,3.68991112458917,4.77126294430099e-13,1.94268938031942,"original","land_use"
"Plants","Plantae",8,"Pasture_Intense",3.20243635568874e-12,1.84599615063767,3.75085826334913e-15,2.05859606466171,1.02639549230267e-11,2.01136384390683,9.90112436852676e-15,2.15142742385513,1.17115862371632e-09,1.55832729199913,1.0124267616549e-12,1.56132111475333,4.14356731903856e-09,1.76548396492563,2.78407795947019e-12,1.50540179394434,"original","land_use"
"Plants","Plantae",9,"Pasture_Light",1.67796310575181e-12,2.78012079301977,2.62927164665813e-15,2.32414384779454,3.70529009398265e-12,2.31051707424259,6.19415532059769e-15,3.06654434697575,4.34748834166598e-10,3.99497404355041,5.02955918503837e-13,2.45770415954329,1.03852970104636e-09,2.95123338635722,1.20559140702417e-12,2.88460689957108,"original","land_use"
"Plants","Plantae",10,"Pasture_Minimal",7.73359241882408e-13,11.6480077275309,3.15455126895404e-16,3.60099407906888,1.12837227954371e-12,11.7292173150331,4.96829809811881e-16,3.3107532042603,3.70991918540525e-10,16.9285822096075,6.87827800937605e-14,3.7082630998104,5.35737612870304e-10,17.2363436651827,1.12139633471563e-13,3.43268981934533,"original","land_use"
"Plants","Plantae",11,"Plantation_Intense",5.68013178403616e-12,3.88958452766257,7.43858571783283e-15,1.14443572619313,9.85717996265294e-12,2.78953211121123,1.3286957886061e-14,1.22687260181004,2.12671458506688e-09,2.69957411297035,2.18762507423078e-12,0.951139626336747,3.87436040293365e-09,2.13609472935759,3.86867830695483e-12,1.06255002210422,"original","land_use"
"Plants","Plantae",12.5,"Plantation_MinimalLight",3.96183999506976e-12,3.10966001823892,5.50134899813666e-15,1.20778507801724,7.62082753846033e-12,2.10003813966025,1.12495132737113e-14,1.12967760745356,1.43927195678031e-09,2.05629743168954,1.36683472054801e-12,1.04671322443145,2.88233273569076e-09,1.78634773911711,2.70638545031451e-12,0.958954216866663,"original","land_use"
"Plants","Plantae",14,"Urban_Intense",5.84057655116341e-12,2.39596599837791,4.83343110346837e-15,1.88119485592182,1.26238410211196e-11,1.84392869139545,9.69884463173481e-15,1.72717999669142,1.9892091723151e-09,2.18251575067514,1.65872073302247e-12,1.62905925587941,4.64881655818058e-09,1.62631133562078,3.55218575117234e-12,1.41986153731113,"original","land_use"
"Plants","Plantae",15,"Urban_Light",2.61799307817876e-13,24.0509500710509,1.50665129312046e-16,3.34129632521924,4.82245324544833e-13,14.1952652235284,3.01528412557889e-16,2.30175208721833,8.15335947346975e-11,12.4246080604013,5.69132053559282e-14,1.9145043778355,1.81217699387163e-10,6.17049817047504,1.26085182005671e-13,1.36702947378829,"original","land_use"
"Plants","Plantae",16,"Urban_Minimal",0,NA,0,NA,0,NA,0,NA,0,NA,0,NA,0,NA,0,NA,"original","land_use"
"Amphibians","Animalia",2.5,"Cropland_LightIntense",4.19814108785972e-12,2.36185433756187,5.53490017751423e-15,4.24477551983457,9.0578467052345e-12,2.96934099549344,9.56743245997419e-15,3.95013253127393,1.76882763296062e-09,2.08398462092462,1.40958471124968e-12,3.63971519576158,3.56662100171868e-09,2.8812560040766,2.40389205071711e-12,3.33275135431947,"original","ecoregion_area"
"Amphibians","Animalia",4,"Cropland_Minimal",3.06957426308238e-12,3.90647961584185,3.72970019744519e-15,5.71888711262601,5.60788436453856e-12,3.54380049581273,6.64366626480895e-15,5.17562087381386,1.23251923981527e-09,2.3892406770694,8.14003486255322e-13,4.74590596904789,2.04138290884007e-09,2.3692237668365,1.47261463944486e-12,4.44570000930814,"original","ecoregion_area"
"Amphibians","Animalia",5,"Managed_forest_Intense",1.78200316829974e-12,1.95145852147927,1.93603605347161e-15,3.68814668169751,3.04435234763336e-12,1.81948259786426,3.35945358705686e-15,3.84074717559884,8.03085546211173e-10,2.00680238011383,4.32504741754447e-13,3.19611788965239,1.24701970136363e-09,1.7593099247515,7.34166016912284e-13,3.31377487332446,"original","ecoregion_area"
"Amphibians","Animalia",6,"Managed_forest_Light",2.7014641034088e-12,12.5343915638499,8.93570840362741e-16,8.44480887220909,3.28422183415808e-12,10.8320163143042,1.41077809898179e-15,6.91615482968305,1.74091074936644e-09,14.0567124748365,2.02747525035537e-13,6.07295150191759,1.99112809789600e-09,12.8669102485143,3.21877914229716e-13,5.01245480106363,"original","ecoregion_area"
"Amphibians","Animalia",7,"Managed_forest_Minimal",2.03088959533179e-13,9.82454576056688,1.4384100506158e-16,5.88437775577366,2.91800720526258e-13,7.40016306542616,2.3515244420317e-16,5.62073323475955,1.09983041668437e-10,12.7001801410836,3.31228356545837e-14,4.43684760197752,1.44044371657856e-10,10.2072820235522,5.44379309927178e-14,4.19900465329037,"original","ecoregion_area"
"Amphibians","Animalia",8.5,"Pasture_LightIntense",2.46917713421591e-11,6.45523822367289,4.75859111549232e-15,3.94184449265613,3.1032722930866e-11,5.59506079221195,8.49810710294605e-15,3.94435536624212,1.64898788050844e-08,7.07168417764077,1.1606048630709e-12,3.35555375342568,1.93279958778123e-08,6.53328995704179,2.04951406564272e-12,3.30498295441708,"original","ecoregion_area"
"Amphibians","Animalia",10,"Pasture_Minimal",2.69890244946817e-11,3.33638800731771,4.18833104749323e-15,4.65502100879716,3.23355112185887e-11,3.05510319955147,7.42719770067885e-15,4.56193711996483,1.87130605956056e-08,3.53030781120323,9.68290759630139e-13,3.8226594395475,2.12942424834431e-08,3.34688123446216,1.70038985144014e-12,3.78869712005537,"original","ecoregion_area"
"Amphibians","Animalia",11.5,"Plantation_LightIntense",5.13186801473577e-12,3.91569754458644,9.37070590254797e-15,3.61572700619231,8.47124055819378e-12,3.27849904118471,1.53869334660624e-14,3.3485873560119,2.16295792944563e-09,2.66779737229182,2.48306481780927e-12,2.95080833069217,3.40946322079611e-09,2.42862442803768,3.99591136756252e-12,2.72567336849448,"original","ecoregion_area"
"Amphibians","Animalia",13,"Plantation_Minimal",3.91161476553625e-12,3.55080684563863,1.029184529787e-14,3.3498175657507,6.43493933630968e-12,2.75801451046856,1.81530109939983e-14,3.32069567918654,7.48553506494904e-10,3.55714290699721,1.90475555063457e-12,3.62654737430231,1.19872041987018e-09,2.88844361664154,3.25510215511777e-12,3.4923429286404,"original","ecoregion_area"
"Amphibians","Animalia",14,"Urban_Intense",4.37757733687769e-12,6.76257187697754,4.6886832053282e-15,4.66624137280133,8.57488597158255e-12,4.60746410844089,8.77085320956028e-15,4.51551151951219,2.09851307183983e-09,10.2010875852173,1.2719222589766e-12,3.72586276092181,3.65676032000641e-09,6.68697448773801,2.31245149240351e-12,3.58054614240906,"original","ecoregion_area"
"Amphibians","Animalia",15,"Urban_Light",1.30389217879599e-11,6.4074710866302,5.6138962408474e-15,4.57999111459564,1.77058446839948e-11,5.07567178746019,9.55660739858304e-15,4.4139647419854,8.40939209616728e-09,7.26967157610242,1.45021403562818e-12,3.72503558376285,1.03355058080506e-08,6.23710582507395,2.46068230068744e-12,3.51736154563439,"original","ecoregion_area"
"Amphibians","Animalia",16,"Urban_Minimal",3.57513536679401e-12,3.83460587247307,3.97965025794234e-15,5.55725697987717,7.94968563947369e-12,3.59726042741369,6.91981596813798e-15,4.63070046946765,1.62396953797893e-09,2.206798084394,1.20014145745846e-12,3.62711529057096,3.46100281354229e-09,3.14586266692713,2.06811988345921e-12,3.24982029709166,"original","ecoregion_area"
"Birds","Animalia",2.5,"Cropland_LightIntense",1.95862928081402e-12,3.37811489694188,2.52830247309071e-15,5.16303284435509,9.42346214834052e-11,55.35452536323,8.2524632552345e-15,20.6829501009854,7.71904617445929e-10,2.64894511142059,6.22238814582339e-13,3.86130186470342,3.6685136255145e-08,55.4166150338241,2.55802691383169e-12,25.9024608745678,"original","ecoregion_area"
"Birds","Animalia",4,"Cropland_Minimal",1.75806234740053e-12,5.22274213975179,2.1403055303691e-15,5.70916779641282,5.34430585825158e-12,38.6668766871555,3.8702574797999e-15,5.37666213318885,7.92167935352034e-10,5.9447969072574,5.35976614537122e-13,4.26963790741353,2.11279834963658e-09,38.0876613557243,9.73182232152417e-13,4.87791337238222,"original","ecoregion_area"
"Birds","Animalia",5,"Managed_forest_Intense",8.03353243962399e-13,2.65415621885364,1.24369086878321e-15,3.35692712106163,1.54371317681012e-12,2.3423724884636,2.12241235200552e-15,2.6630028836208,3.09577125705803e-10,2.09919253172654,2.83491734240433e-13,2.75024988093549,5.81297044030086e-10,2.12829890023624,5.01243592195466e-13,2.27827628985235,"original","ecoregion_area"
"Birds","Animalia",6,"Managed_forest_Light",5.48713099165153e-13,22.4897408357743,6.50301577720526e-16,15.6937762989818,9.03010772848954e-13,17.2457725789766,1.03042018519167e-15,14.5411915574767,3.05893974867082e-10,36.4668621937306,1.39775215423001e-13,11.4185425940536,4.63674251056197e-10,30.4717047179573,2.30883958791668e-13,10.1338203043703,"original","ecoregion_area"
"Birds","Animalia",7,"Managed_forest_Minimal",9.54301868856923e-14,22.2740199610144,1.12787216509848e-16,14.5830675247667,1.57170929853639e-13,17.1439129358223,1.82123910150122e-16,13.8165124051221,5.28994891212506e-11,36.6969408982844,2.44421309099214e-14,10.7048490279138,7.97787767294402e-11,30.8109506146466,4.08046967822855e-14,9.68916294977818,"original","ecoregion_area"
"Birds","Animalia",8.5,"Pasture_LightIntense",3.2011723952743e-12,5.44523002249202,2.84728823160788e-15,4.59476222209958,7.8475198934532e-11,57.0728696283996,8.45471026373581e-15,19.3861452903281,1.45782070639671e-09,7.88686909871375,6.71277493266652e-13,3.48402480626851,3.08437481947587e-08,56.5943279080085,2.53159994583763e-12,25.0910367527753,"original","ecoregion_area"
"Birds","Animalia",10,"Pasture_Minimal",1.11758356220028e-11,8.6052111393625,3.10792306950961e-15,3.22291620306632,1.1281843463423e-10,49.5684130883882,9.20226691199668e-15,19.8569705028259,7.71444934099885e-09,9.29595083820874,1.28119026100936e-12,5.36644272344152,4.85380740255821e-08,44.6447098476858,3.53838624867543e-12,20.1350551007233,"original","ecoregion_area"
"Birds","Animalia",11.5,"Plantation_LightIntense",2.16740947858666e-12,5.26504602438299,4.14904889912885e-15,4.94678168536802,3.70066625057575e-12,4.30178971850495,6.95690872012188e-15,4.03808882452258,8.25179363037815e-10,3.43140037847058,9.53975844924184e-13,3.78462790531924,1.34548643483412e-09,2.97040402810026,1.59229741377389e-12,3.10809981588959,"original","ecoregion_area"
"Birds","Animalia",13,"Plantation_Minimal",1.58989645921866e-12,4.62323266821399,5.13380699897685e-15,5.18696118790896,2.53565086422242e-12,3.59041614493268,7.61228318441727e-15,4.20854162938611,2.80598129113946e-10,4.23386649749709,8.39439030541791e-13,5.00845332180298,4.39623911548958e-10,3.3986769493115,1.22354177406086e-12,4.16538975237409,"original","ecoregion_area"
"Birds","Animalia",14,"Urban_Intense",2.1070406373574e-12,4.94249743051466,2.34731830807569e-15,2.15687867923148,1.56422625115023e-10,46.457756745633,1.20126231661902e-14,32.738834674953,1.05098796727046e-09,7.68528537806954,6.52292073241893e-13,2.48232413478292,6.1168383877053e-08,46.3018032234309,4.09967560124601e-12,37.3809493794874,"original","ecoregion_area"
"Birds","Animalia",15,"Urban_Light",1.90357399989949e-12,2.36954876224944,2.54008536609521e-15,2.96648008596134,1.20723201211005e-10,51.6130339297041,9.97643475915005e-15,25.6172069276192,7.82238623036694e-10,2.40436375752343,6.45620270629577e-13,2.50083239841299,4.70564596636552e-08,51.6056523134526,3.25739681877359e-12,30.5584694900732,"original","ecoregion_area"
"Birds","Animalia",16,"Urban_Minimal",1.94825814385583e-12,4.22535492907747,2.41304309693574e-15,5.98150285052374,1.06049715397947e-10,49.3511093157676,8.89451869287565e-15,21.4910804048257,8.59111051601442e-10,2.32408333499332,6.41714919802882e-13,3.58602053708238,4.12447345882914e-08,49.127450410966,2.9129759000351e-12,25.315311589418,"original","ecoregion_area"
"Mammals","Animalia",2.5,"Cropland_LightIntense",2.68213647777467e-12,3.04883031700255,3.78688338536108e-15,3.18683441334191,1.83489350903416e-11,34.3295120255947,8.30206635400802e-15,3.11400013276364,1.17493449885624e-09,2.59913467517947,1.06583029855942e-12,2.64837657863962,7.57502675355324e-09,34.4384601587436,2.33928793131202e-12,2.92614221806549,"original","ecoregion_area"
"Mammals","Animalia",4,"Cropland_Minimal",2.54274383560572e-12,4.9448009930105,3.59186431986962e-15,5.42422725011765,5.10600308896212e-12,5.23140296366408,7.1325822696336e-15,4.69604468360261,1.24888740272718e-09,5.59393376530263,9.52213103493809e-13,3.90528390578931,2.17098521304818e-09,5.12712833685634,1.81315124937666e-12,3.49865499420487,"original","ecoregion_area"
"Mammals","Animalia",5,"Managed_forest_Intense",9.2046450348854e-13,1.79995359733592,1.39802813010917e-15,1.49262119783248,1.85436054506276e-12,1.87216497711982,2.85840840054673e-15,2.575157447376,4.28692386210029e-10,2.233776342176,3.81984314730982e-13,1.27444840878716,7.91476905742102e-10,2.02561216132204,7.5141695539638e-13,2.09933098435509,"original","ecoregion_area"
"Mammals","Animalia",6,"Managed_forest_Light",6.37643651812969e-13,19.9245980084526,8.11358802740513e-16,16.4899460147465,1.07711387719353e-12,14.8331272581502,1.36489337283005e-15,13.8830120348711,3.74044372345767e-10,31.7499788378183,1.94551819414371e-13,11.377678793625,5.77100288816126e-10,26.0623696948031,3.34639731080252e-13,9.381517793777,"original","ecoregion_area"
"Mammals","Animalia",7,"Managed_forest_Minimal",1.11061818007075e-13,19.585143998887,1.36223049053487e-16,14.8006743472816,1.87021994988478e-13,14.7107590379865,2.30888881183536e-16,13.2667777691477,6.53240829015857e-11,31.8465340408421,3.32566509210602e-14,10.5416842602254,9.97273993144713e-11,26.350104169065,5.71615488418019e-14,9.09091568153837,"original","ecoregion_area"
"Mammals","Animalia",8.5,"Pasture_LightIntense",3.45819796812447e-12,5.27684715992027,3.66255625507009e-15,2.8053674100342,1.84867635673182e-11,32.8818057232918,8.07683894460393e-15,3.09511285907007,1.58228487209016e-09,7.71941516236143,9.39655545047537e-13,2.18002556279811,7.77205556289992e-09,32.4381209240622,2.16137098502798e-12,2.91266582536274,"original","ecoregion_area"
"Mammals","Animalia",10,"Pasture_Minimal",1.27468119920321e-11,8.65774948008698,3.68973161533161e-15,2.89045694010929,3.10172408567082e-11,19.4642530882449,7.42369741243515e-15,2.79518028488898,9.32657207784746e-09,9.37544869906253,1.54822469273357e-12,4.87231938185758,1.84626348850954e-08,14.7262649245331,2.81470909251613e-12,4.26989516526024,"original","ecoregion_area"
"Mammals","Animalia",11.5,"Plantation_LightIntense",2.76566349785179e-12,5.10845265067217,5.42959896838433e-15,2.80361001033805,4.87303022558405e-12,4.00260543742075,9.3677988766799e-15,2.2450210791967,1.18853161426152e-09,3.27652831715285,1.52135524033333e-12,2.31554003301405,1.98183312271845e-09,2.77673896041339,2.58391219473354e-12,1.89349672688034,"original","ecoregion_area"
"Mammals","Animalia",13,"Plantation_Minimal",1.9641918798867e-12,4.37501134567985,5.92253591541002e-15,2.53446813149428,3.37921345305865e-12,3.17658389845089,9.25354358714784e-15,2.02811038839199,3.67393847399947e-10,4.01713305665749,1.02431053036127e-12,2.59734739130139,6.22327158676625e-10,3.02670764285244,1.56680130486826e-12,2.14659634486963,"original","ecoregion_area"
"Mammals","Animalia",14,"Urban_Intense",2.59738496192065e-12,4.76189890422362,3.15269913689728e-15,2.06742998619975,2.56518023426642e-11,34.3766666319091,7.4973194835725e-15,4.30460120109774,1.44716161776771e-09,7.3821698699651,1.04481632317448e-12,2.29708644432438,1.09820621181172e-08,33.2670666627285,2.39433236507943e-12,5.23773086662177,"original","ecoregion_area"
"Mammals","Animalia",15,"Urban_Light",2.31569649102569e-12,2.10613592091227,3.42368489847983e-15,3.0552652472134,2.09892338792802e-11,36.5091280688809,7.15343365243976e-15,3.28052657980936,1.07480943491245e-09,2.22382537165888,1.01735901077082e-12,2.58985385073069,8.77448272142204e-09,36.1695313268591,2.18097586921418e-12,3.80129482501203,"original","ecoregion_area"
"Mammals","Animalia",16,"Urban_Minimal",2.39200525644028e-12,4.33396114094764,3.52026328686627e-15,9.04585882287929,2.39299869530575e-11,34.6526121721074,7.32162802212703e-15,5.6399618534886,1.15656278932455e-09,2.21572834686085,1.0540119203667e-12,5.02099661283193,1.01232991722485e-08,33.6999394196143,2.27590053731780e-12,3.85187213891387,"original","ecoregion_area"
"Reptiles","Animalia",2.5,"Cropland_LightIntense",4.20852553395803e-12,2.69856156647444,4.96217963933026e-15,3.3965513549197,9.22308758607853e-12,2.59614436085796,1.01353581945516e-14,3.37576766158435,1.84910701548576e-09,2.42817187880354,1.21993962817321e-12,2.9364743123255,3.75264370318646e-09,2.48961562333157,2.47318242721004e-12,2.84069020064096,"original","ecoregion_area"
"Reptiles","Animalia",4,"Cropland_Minimal",3.56861365429394e-12,4.10691602368694,4.48657229521325e-15,3.76327359542421,6.74156209631172e-12,3.62047690299523,9.07777644155711e-15,3.94910091643688,1.50239022183455e-09,3.05872360341719,9.83653463569097e-13,3.35727127094926,2.57374346121762e-09,2.818163182712,1.97695900354231e-12,3.47587983531327,"original","ecoregion_area"
"Reptiles","Animalia",5,"Managed_forest_Intense",1.52488785803745e-12,2.11903107980902,1.79178187316926e-15,2.90779017929959,2.65293851219763e-12,1.91395173795012,3.51296305503058e-15,3.08646874466372,6.65407400045634e-10,1.73961713408331,4.09473736758336e-13,2.69591541593651,1.07161524415585e-09,1.67906522390964,7.95707435967063e-13,2.81663730390222,"original","ecoregion_area"
"Reptiles","Animalia",6,"Managed_forest_Light",6.29782862897153e-13,9.01381394075588,7.36691285785589e-16,8.06100474661602,1.09044122739119e-12,6.24531014895682,1.32811372234039e-15,7.33716839193968,2.36118891845784e-10,4.14259233802051,1.64914120246991e-13,6.08557464640838,4.07794647342474e-10,3.20998976209471,2.99976842192722e-13,5.42510527175065,"original","ecoregion_area"
"Reptiles","Animalia",7,"Managed_forest_Minimal",1.06456974785164e-13,6.07819704482192,1.30866583247531e-16,8.07278464138271,1.86796233339577e-13,4.71052907091617,2.31590968457886e-16,7.44915134146095,4.06575669134668e-11,3.16717868908689,2.90334403596678e-14,6.16087981618232,7.01363093892195e-11,2.7802813299318,5.19443893810961e-14,5.53800039245281,"original","ecoregion_area"
"Reptiles","Animalia",8.5,"Pasture_LightIntense",1.01170737810026e-11,4.04203216373068,5.10276134044584e-15,3.56736086175361,1.74629067820738e-11,3.44706671105515,1.01853973019975e-14,3.45044645440121,5.81106992886781e-09,4.93245382117136,1.21891329502679e-12,2.83591387644721,9.35733937523536e-09,4.3990576964483,2.43098519423553e-12,2.8117998045167,"original","ecoregion_area"
"Reptiles","Animalia",10,"Pasture_Minimal",1.49742506413622e-11,2.8911159212404,3.90701393262005e-15,2.67558111490422,2.37734864479265e-11,2.64172365306002,7.9255273491841e-15,3.14901500124701,9.83043623580195e-09,3.20375295196982,9.58563604595619e-13,2.32671913923589,1.48112769670551e-08,3.05068432147454,1.92855704086103e-12,2.67894327120134,"original","ecoregion_area"
"Reptiles","Animalia",11.5,"Plantation_LightIntense",4.61833133678412e-12,4.26518289363172,7.1610827713317e-15,3.13776876551291,7.86805669616749e-12,3.42872912703729,1.25815820033726e-14,2.91032597096555,1.94946813410831e-09,2.89924242385362,1.81223402623529e-12,2.85840886781517,3.16218551068059e-09,2.52210975430773,3.08576058891421e-12,2.61116595346233,"original","ecoregion_area"
"Reptiles","Animalia",13,"Plantation_Minimal",3.49574578783521e-12,3.7087935690269,7.08370059909582e-15,2.43227251492707,5.83722415067043e-12,2.77439028664057,1.2991505615873e-14,3.02471915431191,6.79705464561521e-10,3.61738569347256,1.28523125444303e-12,2.75618109862286,1.10134291584994e-09,2.86450332145726,2.29448345515948e-12,3.1824412555212,"original","ecoregion_area"
"Reptiles","Animalia",14,"Urban_Intense",3.39088759169535e-12,2.04446426903035,4.30834065194607e-15,2.98736374378983,7.3966818299403e-12,2.13461634224549,9.20993697287526e-15,3.13127492048457,1.57765054065986e-09,2.27561049670768,1.17496380957545e-12,2.87846032231653,3.13579233384191e-09,2.26364901886526,2.46907262553591e-12,2.83915192973342,"original","ecoregion_area"
"Reptiles","Animalia",15,"Urban_Light",4.08015547244835e-12,1.98536643524848,4.86932585292056e-15,3.84899213966708,8.42072122419519e-12,2.11579194308315,9.46760897791046e-15,3.42953468127876,1.94564807855812e-09,2.11319846899534,1.24126124360731e-12,3.1807726784243,3.64345824660402e-09,2.11564040724568,2.43280825867099e-12,2.88457266464571,"original","ecoregion_area"
"Reptiles","Animalia",16,"Urban_Minimal",3.96555850565897e-12,3.52790353796274,4.03963836825814e-15,4.66546045211338,8.54630420259238e-12,2.72108480241395,8.11311230729228e-15,3.6238628879364,1.95074247576043e-09,2.08082386243064,1.15008336344785e-12,3.95977155483891,3.91707843627841e-09,2.2524911832092,2.30635280855273e-12,3.06656747067543,"original","ecoregion_area"
"Plants","Plantae",2,"Cropland_Intense",4.19657831241279e-12,2.46248925076143,5.35632055989153e-15,2.38617247265323,8.97118727489173e-12,2.12804196400798,1.0765486339307e-14,2.63189824209919,1.3110391799653e-09,2.38006215075752,1.23899049366042e-12,2.16640898648665,3.02890623338872e-09,2.14623853516349,2.60491064178716e-12,2.23687634869647,"original","ecoregion_area"
"Plants","Plantae",3,"Cropland_Light",2.906415887179e-12,5.94416387568382,3.28026950651264e-15,2.55942487662676,5.81927828646611e-12,4.46633216897275,6.42577652158115e-15,2.83278159534863,8.36761157722829e-10,3.57039714639857,7.25457277348429e-13,2.40316594484237,1.85589993582341e-09,2.76894204625959,1.49855696564016e-12,2.49207268287358,"original","ecoregion_area"
"Plants","Plantae",4,"Cropland_Minimal",2.96905183425419e-12,6.88552628266834,2.39275456910749e-15,2.7899896654161,5.10763038867266e-12,5.6882236845838,4.63323114483639e-15,3.42502323129498,9.73236295440823e-10,7.63909261560913,4.84706062950179e-13,2.61524721743293,1.65783522319809e-09,5.78184296991792,9.89903957273265e-13,2.94343779296203,"original","ecoregion_area"
"Plants","Plantae",5,"Managed_forest_Intense",2.07025088987364e-12,2.67501929821786,3.78387037042555e-15,2.37280000220556,4.13367544484811e-12,2.24933600923088,7.30906207068459e-15,2.70739607814959,6.19704737670705e-10,2.20824168733527,7.73975125267523e-13,2.41930036563791,1.36916746619139e-09,2.14649908132754,1.58228816054277e-12,2.55749950442193,"original","ecoregion_area"
"Plants","Plantae",6,"Managed_forest_Light",2.21659334626076e-12,6.09882342454326,2.68294929612096e-15,3.59585284366612,3.87190050678228e-12,4.46382161973554,4.70915925828929e-15,3.10729344257908,7.88251312437193e-10,8.9537349425698,5.71631621624247e-13,2.9245305427817,1.4119551562152e-09,6.38774195315754,1.07219500862014e-12,2.51547868185034,"original","ecoregion_area"
"Plants","Plantae",7,"Managed_forest_Minimal",8.70061488936794e-13,6.51164837290589,8.18467118663806e-16,3.60966143583294,1.43853607720121e-12,5.11732152942635,1.42007776859033e-15,3.12770928606,2.93612983087302e-10,9.20430812824491,1.71975144893828e-13,2.99681615789793,4.91896342569214e-10,6.75660110472669,3.19310182090691e-13,2.55821780273303,"original","ecoregion_area"
"Plants","Plantae",8,"Pasture_Intense",3.55785638105957e-12,1.96520846797498,3.81415194372832e-15,2.04207745970003,7.26598550731587e-12,1.81664319676098,6.99331060545325e-15,1.95294607740387,1.12335362144938e-09,1.85841897818522,9.83657480700838e-13,1.81417795022896,2.56416136558958e-09,1.76782769897172,1.9798443218183e-12,1.81761438673164,"original","ecoregion_area"
"Plants","Plantae",9,"Pasture_Light",5.53825389666159e-12,11.4304799120591,2.60635435043006e-15,2.68850074239576,8.75005942156215e-12,10.1538678372747,4.78800154537894e-15,2.71796781192138,2.73709164004631e-09,15.6215776956936,5.64603113194637e-13,2.4262261054885,4.20791762337453e-09,14.2808637589703,1.09555818568771e-12,2.40460229869067,"original","ecoregion_area"
"Plants","Plantae",10,"Pasture_Minimal",1.01003857080546e-11,10.4330257045792,6.47102616785118e-16,3.72401123882011,1.4656857776364e-11,10.6504919405593,1.0651507662432e-15,3.38079829183902,6.95968758151018e-09,10.7410308165988,2.22803184033062e-13,5.7244567633787,1.00556053118881e-08,11.0127608058126,3.5666567498881e-13,5.38870895955622,"original","ecoregion_area"
"Plants","Plantae",11,"Plantation_Intense",3.11273531186259e-12,5.03315921894461,5.34529848971316e-15,2.40737486714514,5.91482167533382e-12,3.56326619255285,1.0142409543597e-14,2.03338060657289,9.72065040306256e-10,3.15742496787122,1.2788159979457e-12,2.0900745056334,1.97012950724515e-09,2.37094727865925,2.56909632899919e-12,2.02279669629557,"original","ecoregion_area"
"Plants","Plantae",12.5,"Plantation_MinimalLight",1.97935674144483e-12,7.26719394086727,2.44418478897749e-15,2.73361698089267,3.60766322161355e-12,4.76025566099148,4.40767983757257e-15,2.4273708413389,6.15173897701374e-10,4.27215067107239,5.88369645856471e-13,2.07821382702243,1.22487051667475e-09,3.02664421030536,1.1271545352078e-12,1.80775466221988,"original","ecoregion_area"
"Plants","Plantae",14,"Urban_Intense",2.65236604375443e-12,3.69680447870757,2.96271073701221e-15,2.13130721782056,5.47058799837982e-12,2.52721942816542,5.94512727051655e-15,2.16902600443204,9.32468926931163e-10,5.81874025664746,7.26744403089843e-13,2.27435207576167,1.94758507016453e-09,3.34900523049703,1.56130180190376e-12,2.22638180572546,"original","ecoregion_area"
"Plants","Plantae",15,"Urban_Light",1.04906068558417e-13,15.8356942139458,1.21957393295112e-16,3.15788169523527,2.1183183855853e-13,8.66367089627853,2.24061341682083e-16,2.51761490820985,3.2836998604348e-11,8.35881376491524,2.86483268113899e-14,2.63988317998496,7.15851894807185e-11,4.51883388506761,5.71248943746912e-14,2.28823130961326,"original","ecoregion_area"
"Plants","Plantae",16,"Urban_Minimal",0,NA,0,NA,0,NA,0,NA,0,NA,0,NA,0,NA,0,NA,"original","ecoregion_area"
"Amphibians","Animalia",2.5,"Cropland_LightIntense",7.45425804694749e-12,2.19353443669746,6.4705798587177e-15,5.24688192786518,1.32148831442524e-11,2.3215571841729,1.10241797567701e-14,4.63045251226474,3.50010234313764e-09,1.64724967942258,1.50277915553038e-12,4.26557406483362,5.48270784337426e-09,1.91424137941556,2.61055005964962e-12,3.77954628161426,"proxy","ecoregion_area"
"Amphibians","Animalia",4,"Cropland_Minimal",4.44709559010837e-12,2.23490811871049,4.20005903277191e-15,4.77500060922526,7.95535259988260e-12,2.31617499108185,7.25877072434283e-15,4.35614561387823,2.03514812894675e-09,1.59702295095711,9.66821338071657e-13,3.96503841426227,3.23197149486419e-09,1.82411850284584,1.69892237744434e-12,3.65647288147856,"proxy","ecoregion_area"
"Amphibians","Animalia",5,"Managed_forest_Intense",6.70345550370861e-11,3.31045681630205,2.79103201477364e-15,8.34658693160145,7.25741713905521e-11,3.19676040298479,4.31422961487487e-15,6.9896377098948,4.78963558092537e-08,3.38767675602615,7.70144918905324e-13,5.08079651586607,5.08601429816721e-08,3.33785460851712,1.13167362983527e-12,4.50824095637791,"proxy","ecoregion_area"
"Amphibians","Animalia",6,"Managed_forest_Light",1.82821665148692e-11,3.31045384769909,7.61207753161469e-16,8.34642289392629,1.97929818798012e-11,3.19675584328881,1.17663831399299e-15,6.98949986612906,1.30626496936672e-08,3.38767473849802,2.10043410138007e-13,5.08072169612241,1.38709592294882e-08,3.33785170836829,3.08644916772414e-13,4.50817632952587,"proxy","ecoregion_area"
"Amphibians","Animalia",7,"Managed_forest_Minimal",4.04597669616867e-12,3.3247203511167,1.47302414676703e-16,9.01354120608462,4.36939782885262e-12,3.21855964990314,2.25585491168903e-16,7.3475921928694,2.89494826892692e-09,3.39752843772702,4.13830081227835e-14,5.34753677660189,3.0696763391018e-09,3.35266428939113,5.99410532717852e-14,4.64367168924878,"proxy","ecoregion_area"
"Amphibians","Animalia",8.5,"Pasture_LightIntense",5.9324145351818e-11,3.39278751700993,5.41860005794373e-15,4.49261144723303,6.79077869907621e-11,3.20590182097266,9.09572991064986e-15,4.29991808810497,4.1929413670542e-08,3.51867544514135,1.40880583645786e-12,3.41458525275898,4.65224287581683e-08,3.41690881213915,2.29413145136603e-12,3.3732759766345,"proxy","ecoregion_area"
"Amphibians","Animalia",10,"Pasture_Minimal",3.11942258649767e-11,3.09409714820771,4.37698032570381e-15,4.26937429599022,3.68366414187862e-11,2.85338299026029,7.516542050087e-15,4.24837617013533,2.16645453191964e-08,3.26789408008306,1.0988579132248e-12,3.34739914857156,2.44398511590735e-08,3.1171421581633,1.83997806138403e-12,3.39412270741417,"proxy","ecoregion_area"
"Amphibians","Animalia",11.5,"Plantation_LightIntense",1.70367405889785e-11,3.19727497707036,3.31580980306143e-14,5.2846637732198,2.60024873766811e-11,2.56714175782634,4.74978542685781e-14,5.11314742146788,5.28404452611958e-09,2.08395027785025,7.03342207110214e-12,4.92258813346976,7.73163751335555e-09,1.81737609792804,1.01568553626447e-11,4.73527221763773,"proxy","ecoregion_area"
"Amphibians","Animalia",13,"Plantation_Minimal",1.96499741358681e-12,2.78376209537421,4.23231320393334e-15,4.76292152782261,3.06940985364634e-12,2.31595478339709,6.44011510134703e-15,4.72708253242246,5.62119225075353e-10,1.95860593603267,8.57877850311662e-13,4.61521777718038,8.35790545022989e-10,1.741779323246,1.29520510306755e-12,4.52221001629384,"proxy","ecoregion_area"
"Amphibians","Animalia",14,"Urban_Intense",9.69440497820010e-11,2.99895819201555,1.22289020324963e-14,4.23153673262775,1.13010306083563e-10,2.6951468830125,2.17223398456922e-14,3.99642421076346,6.75532855440703e-08,3.16235800609623,2.9619508660683e-12,3.57562003519681,7.43880615052559e-08,3.00421110787035,5.27103580040408e-12,3.62664758081922,"proxy","ecoregion_area"
"Amphibians","Animalia",15,"Urban_Light",5.38118307791707e-11,2.95949636144187,7.67700948095905e-15,4.00486367277658,6.34088009360594e-11,2.63521899585064,1.36879011040258e-14,3.81155642778603,3.73268045702668e-08,3.13649039037378,1.89268029681966e-12,3.33439978516353,4.13807444555115e-08,2.96018119999179,3.37389492579303e-12,3.36887174425701,"proxy","ecoregion_area"
"Amphibians","Animalia",16,"Urban_Minimal",1.91024589521172e-12,5.31605744926888,2.12638397981271e-15,7.64134484375672,4.24763059381609e-12,4.99755445864594,3.69735651733091e-15,6.38832770948764,8.67710121604427e-10,3.15377991067193,6.41252724044205e-13,5.03758004671919,1.84926324169204e-09,4.39398209685063,1.10502599562443e-12,4.53268937721656,"proxy","ecoregion_area"
"Birds","Animalia",2.5,"Cropland_LightIntense",7.08102972943263e-12,2.35619003279259,5.39167015481415e-15,4.09214922617828,8.32626524105061e-11,54.7813200000126,1.20803461753911e-14,12.6305028137538,4.10553225632728e-09,2.54835649165307,1.7180232582815e-12,2.62393049411988,3.37635012323679e-08,52.650035002281,3.85512155666882e-12,15.1579402528945,"proxy","ecoregion_area"
"Birds","Animalia",4,"Cropland_Minimal",3.97963227522523e-12,2.2918481965772,3.23366315268711e-15,3.76052990386987,4.36319983452862e-11,53.9554481670006,7.05888366807232e-15,11.194194625034,2.24233840344247e-09,2.43495934696907,9.93180725964517e-13,2.45731959422187,1.76613159353489e-08,51.9493506170764,2.18749081653263e-12,13.7984615807122,"proxy","ecoregion_area"
"Birds","Animalia",5,"Managed_forest_Intense",9.58903350578813e-12,5.09773777589134,4.70341404841322e-15,7.32844210799429,1.2968041857322e-11,4.7309324044362,6.97920295549071e-15,7.01111485005899,7.36391764252303e-09,6.07565234379491,2.53202137444874e-12,4.99808099295772,9.33117462949158e-09,6.04940760018549,3.39567670574324e-12,4.80037969458185,"proxy","ecoregion_area"
"Birds","Animalia",6,"Managed_forest_Light",2.61519758070712e-12,5.09772454759084,1.28275885268998e-15,7.32838729401875,3.53675199600522e-12,4.73091429043428,1.90343633451686e-15,7.01105109394567,2.00834390949317e-09,6.07564389083118,6.905535511836e-13,4.99806410417683,2.54487104588747e-09,6.04939491929319,9.26097871483038e-13,4.80035733134651,"proxy","ecoregion_area"
"Birds","Animalia",7,"Managed_forest_Minimal",5.67797591388992e-13,4.71354250398451,2.70561651447049e-16,6.9641372962922,7.63257827726205e-13,4.38850414577881,3.98427221753105e-16,6.49056031846933,4.37773961936482e-10,5.5509619044227,1.50059744353861e-13,5.02463284045328,5.52585519917752e-10,5.54325862691717,1.99881198186131e-13,4.81128957801792,"proxy","ecoregion_area"
"Birds","Animalia",8.5,"Pasture_LightIntense",1.90603787082262e-11,7.4945625771664,5.73169673697391e-15,3.51598793671428,1.40464927601198e-10,46.9159384289695,1.4329665439409e-14,15.6124237814468,1.33682039843129e-08,7.96502402051758,2.72430690637393e-12,4.26291039557678,6.30483392373229e-08,40.6228990250004,6.11657466210467e-12,14.3558858947551,"proxy","ecoregion_area"
"Birds","Animalia",10,"Pasture_Minimal",1.20332273976112e-11,7.15428047555012,3.99719529102466e-15,3.0500884711123,1.06405099532001e-10,46.7491054184978,1.06247069872708e-14,16.3150050846802,8.28211299539797e-09,7.74581131168353,1.7615965197337e-12,3.95601777960077,4.63411339321257e-08,41.5959948924002,4.28586501097579e-12,15.759039807449,"proxy","ecoregion_area"
"Birds","Animalia",11.5,"Plantation_LightIntense",8.34047565349271e-12,3.57209144693003,2.10064373737346e-14,5.44366705595495,1.35367094449655e-11,2.68645964274435,3.05752419017385e-14,4.59112084451643,2.1792116354784e-09,2.33112859891318,4.25713918128648e-12,4.42475501597287,3.37651544016406e-09,1.87877592979331,6.15205396647271e-12,3.80937468513657,"proxy","ecoregion_area"
"Birds","Animalia",13,"Plantation_Minimal",9.27701776557843e-13,3.12113716325914,2.42382314496111e-15,4.55386135906904,1.51131898318661e-12,2.41666393946136,3.56589665739592e-15,3.83843045438055,2.3055236161489e-10,2.16536019443857,4.7446153292203e-13,3.86440283890091,3.58685406586022e-10,1.78796663939368,6.89894160125118e-13,3.33856226691528,"proxy","ecoregion_area"
"Birds","Animalia",14,"Urban_Intense",1.2577460226011e-11,1.89547196169827,1.07613865060645e-14,2.6856212445235,8.85117366870803e-10,14.923244973169,6.09381438415839e-13,18.5221261932805,7.17923919269845e-09,2.40080114979124,3.29114303907191e-12,2.07389593817515,3.4675259873374e-07,14.845555816179,2.35340475556264e-10,18.6917951132,"proxy","ecoregion_area"
"Birds","Animalia",15,"Urban_Light",7.25500093601394e-12,1.80410488518869,6.38715432069909e-15,2.49225391992679,5.19054508596388e-10,16.1071236704563,3.36377578519254e-13,18.4050751288913,4.08190297075423e-09,2.31531350838742,1.93170684338624e-12,1.93142732015221,2.03275095211293e-07,16.0288341103774,1.29785585203046e-10,18.5911799190302,"proxy","ecoregion_area"
"Birds","Animalia",16,"Urban_Minimal",1.04098215599897e-12,5.84171034255158,1.28932339561286e-15,8.21623562460176,5.66638777957557e-11,67.3537315501202,4.75246839064054e-15,29.3428519050528,4.59035306773388e-10,3.30695553136863,3.42877448175853e-13,4.98248845636386,2.20376508476189e-08,67.0485440297357,1.55644463355877e-12,34.5593493126234,"proxy","ecoregion_area"
"Mammals","Animalia",2.5,"Cropland_LightIntense",1.00429979443249e-11,2.31356934520308,6.98544097932476e-15,4.3727562376207,2.48593952394632e-11,22.138808645283,1.30059941190779e-14,3.68436193424521,6.3255423183151e-09,2.52462329862256,2.24112749549297e-12,2.72839941629313,1.24374743135199e-08,18.3528654157679,3.89780269759303e-12,2.60172306684478,"proxy","ecoregion_area"
"Mammals","Animalia",4,"Cropland_Minimal",5.66639169405589e-12,2.23411139723135,4.38903661844286e-15,3.81949031234675,1.38568713462871e-11,20.5061040880222,8.35251527651968e-15,3.41666492507389,3.46681041780722e-09,2.40702669773912,1.3567825475813e-12,2.47431652574211,6.8121944544149e-09,17.296719445652,2.41687153838818e-12,2.45837178582303,"proxy","ecoregion_area"
"Mammals","Animalia",5,"Managed_forest_Intense",1.0381585386454e-11,4.83605488356103,4.85371859725476e-15,8.81593135247664,1.40335058930021e-11,4.46788932316611,7.71507240855132e-15,7.72466950616602,8.29746701531884e-09,5.77248104090312,2.22214345011336e-12,4.67646341459743,1.05154258244454e-08,5.73494131245241,3.17526627871042e-12,4.31437856492016,"proxy","ecoregion_area"
"Mammals","Animalia",6,"Managed_forest_Light",2.83134990468896e-12,4.8360400604423,1.32375451617779e-15,8.81584415044393,3.82733680490934e-12,4.46786902521781,2.1041374095135e-15,7.72457427239778,2.26294942461655e-09,5.77247092314482,6.06042684531513e-13,4.67643522527245,2.86785061783113e-09,5.73492659844529,8.65988729178249e-13,4.31434411214937,"proxy","ecoregion_area"
"Mammals","Animalia",7,"Managed_forest_Minimal",6.13485306846081e-13,4.50142262772319,2.75148653070413e-16,8.51890609945303,8.23333702533881e-13,4.17116677785467,4.33953125452333e-16,7.25902772049946,4.92543521822282e-10,5.29047752810163,1.29707123148611e-13,4.64275400627498,6.2138020060918e-10,5.27258497189795,1.83620772183433e-13,4.22891165492545,"proxy","ecoregion_area"
"Mammals","Animalia",8.5,"Pasture_LightIntense",2.14826286809516e-11,7.61981223876581,5.94185374816512e-15,3.13917114437997,4.29221723185007e-11,13.8861931064383,1.12151447094677e-14,3.50970473862381,1.59931430967525e-08,8.10628540334481,2.6671043441359e-12,4.33856355367911,2.76331342211655e-08,10.711042844189,4.56588436531769e-12,4.33893457513138,"proxy","ecoregion_area"
"Mammals","Animalia",10,"Pasture_Minimal",1.36602016060262e-11,7.22601425360143,4.31759155457506e-15,2.66785663406869,3.04686709385331e-11,17.5239450799283,8.46954218069411e-15,3.04215788389758,9.96823248443418e-09,7.83990601397747,1.79193280433233e-12,3.8851937464033,1.85583521659147e-08,12.9741762506956,3.20813146528606e-12,3.839065169633,"proxy","ecoregion_area"
"Mammals","Animalia",11.5,"Plantation_LightIntense",9.79204083588564e-12,3.54899615416369,2.2804393582445e-14,3.59181152788347,1.57982682588436e-11,2.67086641679989,3.44875317303652e-14,3.05863437263232,2.94367965304043e-09,2.17433308379046,5.12159768484522e-12,3.03545200049838,4.51789113679868e-09,1.77281204838914,7.67739466428466e-12,2.64984290595331,"proxy","ecoregion_area"
"Mammals","Animalia",13,"Plantation_Minimal",1.10076532467303e-12,3.07723022087362,2.75239147472377e-15,3.01013754098806,1.81131273963558e-12,2.37874031406535,4.21270744079316e-15,2.57215085113512,3.10626977582788e-10,2.02234584100179,5.86280825958223e-13,2.67859899679135,4.8387179141225e-10,1.68789323839779,8.8410074018583e-13,2.34537647522282,"proxy","ecoregion_area"
"Mammals","Animalia",14,"Urban_Intense",1.44741536463956e-11,1.92680912045104,1.14307339115659e-14,2.96963584539469,1.00538751460769e-10,12.2233375795722,6.00375607197658e-14,12.6498080881657,9.29160743898809e-09,2.36362310844405,3.56590035762296e-12,2.19225526061656,4.44056303874728e-08,11.4639486411194,2.19102175634482e-11,14.3131870979265,"proxy","ecoregion_area"
"Mammals","Animalia",15,"Urban_Light",8.36291480174735e-12,1.82618832060463,6.90363050692099e-15,2.72117536067341,6.06787699367783e-11,13.9951917351252,3.44082632481118e-14,12.1056259045685,5.28948837347245e-09,2.27403843796191,2.15902794131469e-12,2.00627743996538,2.66614118463565e-08,13.1928767471577,1.2487621490028e-11,13.7733200470749,"proxy","ecoregion_area"
"Mammals","Animalia",16,"Urban_Minimal",1.27808257692279e-12,5.988050419251,1.88092695909051e-15,12.3799478943203,1.27861338549931e-11,47.2981207316202,3.91205043742924e-15,7.75336989022192,6.17968019164275e-10,3.16541897708593,5.63173625000453e-13,6.91563343331104,5.40902335318538e-09,45.9983135261202,1.21604616700713e-12,5.33925302886653,"proxy","ecoregion_area"
"Reptiles","Animalia",2.5,"Cropland_LightIntense",9.08369051909034e-12,2.40485384003881,6.87157111177816e-15,3.62427416673347,1.5629468794532e-11,2.24575034934642,1.47943221545356e-14,3.28630695780119,4.3884092921163e-09,1.90162918280776,1.54585979094264e-12,3.04936037305655,6.66794299800681e-09,1.76603079439382,3.46382757652671e-12,3.30001695707353,"proxy","ecoregion_area"
"Reptiles","Animalia",4,"Cropland_Minimal",5.47439320553144e-12,2.31713135048192,4.62329736329417e-15,3.33291876819628,9.60782488346466e-12,2.18946551931345,9.86102263527576e-15,3.24985560445755,2.6017570873827e-09,1.90479037525697,1.0357392387634e-12,2.91546957942451,4.03877158654498e-09,1.79485227317254,2.27311067124288e-12,3.11330774675702,"proxy","ecoregion_area"
"Reptiles","Animalia",5,"Managed_forest_Intense",3.35764207490716e-12,5.53387524784339,2.97110876187338e-15,6.22524575405639,5.94605525880977e-12,3.76407856763237,5.79650354539854e-15,5.25993249045393,1.25100182863642e-09,2.69145465145222,6.18229026079131e-13,5.08044907771403,2.03781658369095e-09,2.1449191960201,1.25157915621859e-12,4.14155358429964,"proxy","ecoregion_area"
"Reptiles","Animalia",6,"Managed_forest_Light",9.15733201219996e-13,5.53380038422673,8.10317145702429e-16,6.22514010930395,1.62167406993803e-12,3.76402834089097,1.58089491398255e-15,5.25984906380895,3.41188038315647e-10,2.69141581233123,1.68611384155837e-13,5.08035733457982,5.55777561150657e-10,2.14489031884639,3.41346751884082e-13,4.1414901001297,"proxy","ecoregion_area"
"Reptiles","Animalia",7,"Managed_forest_Minimal",1.89613215132188e-13,5.79247530475253,1.6114659945688e-16,5.79913130863107,3.34684518553987e-13,3.87265362178696,3.16755669950435e-16,4.85441567498261,6.99457404657547e-11,2.80103053580087,3.30298192272823e-14,4.78613976760686,1.12984051101251e-10,2.17288007647098,6.77155942795869e-14,3.87340291209328,"proxy","ecoregion_area"
"Reptiles","Animalia",8.5,"Pasture_LightIntense",2.61958747644942e-11,2.8417433080359,5.58036602140874e-15,3.815452731657,3.98607674802011e-11,2.68119625646198,1.05594803339463e-14,3.7813209108805,1.75230423088871e-08,3.07514032082852,1.42568195443485e-12,2.81212637115291,2.57821463919689e-08,2.98884190625488,2.64041760016443e-12,2.84377751044935,"proxy","ecoregion_area"
"Reptiles","Animalia",10,"Pasture_Minimal",1.65122476227914e-11,2.70114656088657,4.43551100833928e-15,3.24384679285598,2.57887160484318e-11,2.5005225628738,8.5899048776923e-15,3.3573366813786,1.0781208989343e-08,2.9945010902159,1.10365482283943e-12,2.53498892096197,1.61069991153473e-08,2.87016538993394,2.10526831144116e-12,2.68764205625824,"proxy","ecoregion_area"
"Reptiles","Animalia",11.5,"Plantation_LightIntense",1.58916404932591e-11,3.26505026620671,2.32594309493187e-14,3.64873733474729,2.49391754902054e-11,2.53781176950812,3.7133312497318e-14,3.22412051554664,5.02547806605079e-09,2.07884885733143,4.87882720152984e-12,3.4802362732411,7.45813715121803e-09,1.76686373682842,7.77037485369045e-12,3.07956202567858,"proxy","ecoregion_area"
"Reptiles","Animalia",13,"Plantation_Minimal",1.81647604087941e-12,2.82194577389855,2.92024149084449e-15,3.35122455254528,2.910110074764e-12,2.24308262142703,4.86532621523805e-15,3.58002668914418,5.32241394408666e-10,1.93756975903646,5.8955456123552e-13,3.29602131412687,8.02307740792524e-10,1.66949764862399,9.68463365904331e-13,3.40212645659858,"proxy","ecoregion_area"
"Reptiles","Animalia",14,"Urban_Intense",1.24051987727426e-11,1.38743895944554,1.18534548474303e-14,3.57629418010056,2.27829861793653e-11,1.40881278925195,2.43214306641248e-14,3.82894989327586,5.6591979460254e-09,1.56315208418356,2.51990355390874e-12,3.10370315768081,9.02157642743182e-09,1.42466096545618,5.25154048978046e-12,3.25752149921275,"proxy","ecoregion_area"
"Reptiles","Animalia",15,"Urban_Light",7.55102756343277e-12,1.29455655251499,7.44632695443522e-15,3.2445969023291,1.41596083651474e-11,1.34843419653923,1.53355961770437e-14,3.46909912637578,3.45910971568001e-09,1.47995333719622,1.64439625689055e-12,2.82203787952112,5.66618073403913e-09,1.40041905306663,3.42868641587303e-12,2.94545068467843,"proxy","ecoregion_area"
"Reptiles","Animalia",16,"Urban_Minimal",2.1188545552752e-12,4.90461511064136,2.15843648404978e-15,6.43525433652672,4.5664124144403e-12,3.8296204740594,4.33495179688666e-15,5.0332190829469,1.04230957002284e-09,2.99005911290627,6.14505969363515e-13,5.48427644329535,2.09295096169551e-09,3.21337579889066,1.23231725052097e-12,4.28832005205821,"proxy","ecoregion_area"
"Plants","Plantae",2,"Cropland_Intense",2.4049932969606e-11,2.55548554494572,1.20863553438625e-14,3.64099369872821,3.20669630415844e-11,2.32703902011183,1.94250131041256e-14,3.43725860848099,1.38706222617501e-08,2.84398805660245,2.94513847492309e-12,2.84933024142611,1.74372015045235e-08,2.63440946389752,4.64044830942209e-12,2.68941842001916,"proxy","ecoregion_area"
"Plants","Plantae",3,"Cropland_Light",1.6033288646404e-11,2.55548554494571,8.05757022924169e-15,3.64099369872821,2.13779753610562e-11,2.32703902011183,1.29500087360838e-14,3.437258608481,9.24708150783339e-09,2.84398805660245,1.96342564994873e-12,2.84933024142612,1.16248010030157e-08,2.63440946389752,3.09363220628139e-12,2.68941842001915,"proxy","ecoregion_area"
"Plants","Plantae",4,"Cropland_Minimal",1.41832938025882e-11,2.55548554494572,7.12785058740611e-15,3.64099369872821,1.8911285896319e-11,2.32703902011183,1.14557769588433e-14,3.43725860848099,8.17827290755743e-09,2.84457841385156,1.73531151157399e-12,2.85151253244476,1.02796737440409e-08,2.63530126906148,2.73337603188475e-12,2.69152063146593,"proxy","ecoregion_area"
"Plants","Plantae",5,"Managed_forest_Intense",1.6634240817778e-11,2.39887525472962,5.83514413946e-15,2.99463119001686,2.25847082252364e-11,2.11934371600121,9.56803823704307e-15,2.65007026849554,8.8210863071321e-09,2.70240346126921,1.53177671737934e-12,2.34835027098801,1.10056808206518e-08,2.4848500943203,2.42181716203428e-12,2.09606706550207,"proxy","ecoregion_area"
"Plants","Plantae",6,"Managed_forest_Light",9.45868595520708e-12,2.39887525472961,3.31802313812432e-15,2.99463119001686,1.28422850692521e-11,2.11934371600121,5.44064919361273e-15,2.65007026849554,5.01591182170257e-09,2.70240346126921,8.71010290274524e-13,2.34835027098801,6.25813223135102e-09,2.4848500943203,1.37711171958812e-12,2.09606706550207,"proxy","ecoregion_area"
"Plants","Plantae",7,"Managed_forest_Minimal",2.93545426196082e-12,2.39887525472961,1.02973131872824e-15,2.99463119001686,3.98553674562995e-12,2.11934371600121,1.68847733594878e-15,2.65007026849554,1.55565264043338e-09,2.70118967265807,2.69584070681415e-13,2.34957838732749,1.94034632461117e-09,2.48386502611572,4.25987365008653e-13,2.09624889333191,"proxy","ecoregion_area"
"Plants","Plantae",8,"Pasture_Intense",8.18812596946593e-11,8.56921275806737,8.91213874508868e-15,3.31545296611578,1.17031700420376e-10,8.85619644146229,1.36826099290261e-14,3.08785184294455,5.61632813519222e-08,8.86078729550736,4.15138764301198e-12,4.39276820543727,7.98910063219597e-08,9.20183980521822,6.09057428132194e-12,4.16317663381701,"proxy","ecoregion_area"
"Plants","Plantae",9,"Pasture_Light",5.66870259424563e-11,8.56921275806735,6.16994220813833e-15,3.31545296611578,8.10219464448757e-11,8.85619644146229,9.47257610471039e-15,3.08785184294455,3.88822717051769e-08,8.86078729550737,2.87403759900829e-12,4.39276820543726,5.53091582228951e-08,9.20183980521821,4.21655142553058e-12,4.16317663381702,"proxy","ecoregion_area"
"Plants","Plantae",10,"Pasture_Minimal",1.10224772665887e-11,8.56921275806738,1.19971098491578e-15,3.31545296611578,1.57542673642814e-11,8.85619644146228,1.84188979813813e-15,3.08785184294455,7.55790547961883e-09,8.86309773284785,5.58424216540785e-13,4.39605026476158,1.07507213816269e-08,9.20450366419644,8.19091298588699e-13,4.16717674459176,"proxy","ecoregion_area"
"Plants","Plantae",11,"Plantation_Intense",7.71373358785465e-12,2.74061184337477,2.48607366805809e-14,3.5700266345207,1.22834311069867e-11,2.21952270824035,3.60100459619312e-14,3.35853601736416,2.08315719751961e-09,2.11768407399245,5.23180004785159e-12,3.57950338213876,3.50860816065255e-09,1.78371794662012,7.71512410612145e-12,3.28793882476769,"proxy","ecoregion_area"
"Plants","Plantae",12.5,"Plantation_MinimalLight",4.45440953664846e-12,2.74061184337477,1.43562000549833e-14,3.5700266345207,7.09324894910501e-12,2.21952270824035,2.07945335836504e-14,3.35853601736416,1.20294993096203e-09,2.11768407399245,3.02118030932275e-12,3.57950338213876,2.02609767023598e-09,1.78371794662012,4.45521251198562e-12,3.28793882476769,"proxy","ecoregion_area"
"Plants","Plantae",14,"Urban_Intense",1.61065312958028e-11,3.08616480958719,3.03690542419609e-14,4.86639643848678,2.13826409926321e-11,2.58519045580662,3.90010945569399e-14,4.50989275446435,6.15999096592218e-09,2.32648705289659,5.49042247432335e-12,4.44991302861006,7.73682625876009e-09,1.95953529982361,7.31425408189276e-12,4.0502205803386,"proxy","ecoregion_area"
"Plants","Plantae",15,"Urban_Light",5.75233260564387e-13,3.08616480958718,1.08460908007003e-15,4.86639643848678,7.63665749736859e-13,2.58519045580662,1.39289623417643e-15,4.50989275446435,2.19999677354364e-10,2.32648705289659,1.9608651694012e-13,4.44991302861006,2.76315223527147e-10,1.95953529982361,2.61223360067599e-13,4.05022058033858,"proxy","ecoregion_area"
"Plants","Plantae",16,"Urban_Minimal",0,NA,0,NA,0,NA,0,NA,0,NA,0,NA,0,NA,0,NA,"proxy","ecoregion_area"
