Facility_ID,Location [POINT],Area [SQ_KM?],Ecoregion_ID,Country,Mineral_Name,Mineral [kg],Mineral_Price [€/kg],Commodity_Name,Commodity [kg],Commodity_Price [€/kg],Total mineral price [€],Total facility mineral price [€],Mineral Factor [m2/kg],Total commodity price [€],Total facility commodity price [€],Commodity Factor [m2/kg]
COM00016.00,POINT (-1.0231408999999998 6.3456449),11.203950931722607,30111.0,Ghana,Gold dominant ore,60800000000.0,21400.0,Gold,73141.76934,35300.0,1301120000000000.0,1301120000000000.0,0.00018427550874543762,2581904457.702,2581904457.702,153.18129480353377
COM00033.00,POINT (27.3498955 -24.784390800000004),0.2934711007589227,30717.0,South Africa,Platinum-group metal ore,103500000000.0,1360.0,PGM,428077.79926299996,54375.6,140760000000000.0,140760000000000.0,2.8354695725499776e-06,23276987181.60518,23276987181.60518,0.6855555258043682
COM00035.00,POINT (48.31224496291279 -18.8265594469625),7.5823163140906855,30117.0,Madagascar,Laterite,124500000000.0,0.00755,Cobalt,99600000.0,32.1,939975000.0,1879950000.0,3.0451069534500743e-05,3197160000.0,16897160000.0,0.01440433502921858
COM00035.00,POINT (48.31224496291279 -18.8265594469625),7.5823163140906855,30117.0,Madagascar,Laterite,124500000000.0,0.00755,Nickel,1096000000.0,12.5,939975000.0,1879950000.0,3.0451069534500743e-05,13700000000.0,16897160000.0,0.00560916473100412
COM00041.00,POINT (-70.25489939689129 -33.092020302600304),1.9973468811443333,61008.0,Chile,Copper dominant ore,1163000000000.0,0.84,Copper,8000000000.0,5.52,976920000000.0,976920000000.0,1.7174091841309834e-06,44160000000.0,44160000000.0,0.00024966836014304167
COM00051.00,POINT (-49.752962380958095 -6.240522467242941),0.8264501046809886,60140.0,Brazil,Bulk metal ore,600000000.0,,Gold,243.8058978,35300.0,,0.0,,8606348.19234,41174348.192339994,708.5403892481368
COM00051.00,POINT (-49.752962380958095 -6.240522467242941),0.8264501046809886,60140.0,Brazil,Bulk metal ore,600000000.0,,Copper,5900000.0,5.52,,0.0,,32567999.999999996,41174348.192339994,0.11079725066996358
COM00072.00,POINT (86.3385483058187 48.2896770021359),0.4181541224930922,81317.0,China,Copper dominant ore,,0.84,Copper,161181000.0,5.52,,0.0,,889719119.9999999,889719119.9999999,0.002594313985476527
COM00088.00,POINT (-115.6136584 39.9428052),2.1906930935776567,51305.0,United States of America,Gold dominant ore,66650000000.0,21400.0,Gold,38186.807481,35300.0,1426310000000000.0,1426310000000000.0,3.286861355705412e-05,1347994304.0793002,1347994304.0793002,57.36779893599759
COM00100.00,POINT (-48.943620111886794 -15.0756265720048),2.874691725169271,60704.0,Brazil,Nickel dominant ore,52000000000.0,11.2,Nickel,682000000.0,12.5,582400000000.0,582400000000.0,5.5282533176332136e-05,8525000000.0,8525000000.0,0.004215090506113301
COM00104.00,POINT (116.85884343297296 -8.967226650975899),35.203074136928954,10201.0,Indonesia,Bulk metal ore,658350515463.9175,,Silver,523735.5176907217,445.0,,0.0,,233062305.37237117,19216499182.355877,0.8152040515952533
COM00104.00,POINT (116.85884343297296 -8.967226650975899),35.203074136928954,10201.0,Indonesia,Bulk metal ore,658350515463.9175,,Gold,156068.50806185568,35300.0,,0.0,,5509218334.583506,19216499182.355877,64.66674836249987
COM00104.00,POINT (116.85884343297296 -8.967226650975899),35.203074136928954,10201.0,Indonesia,Bulk metal ore,658350515463.9175,,Copper,2440981620.0,5.52,,0.0,,13474218542.4,19216499182.355877,0.010112194078215278
COM00110.00,POINT (26.7844396 -28.258482800000007),10.627610071450027,31009.0,South Africa,Gold dominant ore,14300000000.0,21400.0,Gold,34869.9134499,35300.0,306020000000000.0,306020000000000.0,0.0007431895154860159,1230907944.78147,1230907944.78147,304.77879122698266
COM00130.00,POINT (-2.32567933335389 6.464844860614768),1.2504817960220092,30111.0,Ghana,Gold dominant ore,4300000000.0,21400.0,Gold,2834.9523130000007,35300.0,92020000000000.0,92020000000000.0,0.0002908097200051184,100073816.64890002,100073816.64890002,441.09447283743737
COM00151.00,POINT (116.38264539999997 -32.76360989999999),24.84340572617508,11210.0,Australia,Bulk metal ore,651000000000.0,,Gold,358621.46595000004,35300.0,,0.0,,12659337748.035002,16014469790.451,54.76123990423308
COM00151.00,POINT (116.38264539999997 -32.76360989999999),24.84340572617508,11210.0,Australia,Bulk metal ore,651000000000.0,,Copper,607813775.8,5.52,,0.0,,3355132042.4159994,16014469790.451,0.008563230715902736
COM00157.00,POINT (-107.98930168523198 27.094328767372197),0.06670570222566048,50302.0,Mexico,Bulk metal ore,7925000000.0,,Silver,141747.61565,445.0,,0.0,,63077688.96425,502699413.68584996,0.059049278121834546
COM00157.00,POINT (-107.98930168523198 27.094328767372197),0.06670570222566048,50302.0,Mexico,Bulk metal ore,7925000000.0,,Gold,1814.369472,35300.0,,0.0,,64047242.361600004,502699413.68584996,4.684133747642156
COM00157.00,POINT (-107.98930168523198 27.094328767372197),0.06670570222566048,50302.0,Mexico,Bulk metal ore,7925000000.0,,Copper,68038855.5,5.52,,0.0,,375574482.35999995,502699413.68584996,0.0007324764387247791
COM00180.00,POINT (32.4836792 -3.2286884999999996),4.409571437387987,30704.0,Tanzania,Gold dominant ore,10336463223.787169,21400.0,Gold,77506.44238028169,35300.0,221200312989045.4,221200312989045.4,0.0004266035046920399,2735977416.0239434,2735977416.0239434,56.89296659692666
COM00183.00,POINT (28.672003042976698 -26.6516056063586),0.158574735576923,31009.0,South Africa,Gold dominant ore,14200000000.0,21400.0,Gold,55139.822487850004,35300.0,303880000000000.0,303880000000000.0,1.116723489978331e-05,1946435733.8211052,1946435733.8211052,2.8758659063848957
COM00186.00,POINT (32.6710224 -3.8639977),10.80466648546099,30704.0,Tanzania,Gold dominant ore,10668231611.893583,21400.0,Gold,8739.993788732396,35300.0,228300156494522.7,228300156494522.7,0.0010127888930922067,308521780.7422536,308521780.7422536,1236.2327418802483
COM00192.00,POINT (125.668257843582 10.163421226305402),3.0335905258627354,40129.0,Philippines,Ferrous ore,7862000000.0,0.04,Nickel,97490000.0,12.5,314480000.0,314480000.0,0.000385854811226499,1218625000.0,1218625000.0,0.0311169404642808
COM00196.00,POINT (-78.1316615 48.111824000000006),24.33927341581785,50602.0,Canada,Gold dominant ore,133808000000.0,21400.0,Gold,135454.020894,35300.0,2863491200000000.0,2863491200000000.0,0.0001818969973082166,4781526937.5582,4781526937.5582,179.6866069768769
COM00197.00,POINT (-70.28558339999998 -27.515392300000002),22.994328001228812,61201.0,Chile,Bulk metal ore,663696000000.0,,Silver,1077281.87894,445.0,,0.0,,479390436.1283,23069943485.6486,0.44354144026890496
COM00197.00,POINT (-70.28558339999998 -27.515392300000002),22.994328001228812,61201.0,Chile,Bulk metal ore,663696000000.0,,Gold,76543.712451,35300.0,,0.0,,2701993049.5203,23069943485.6486,35.18429852020751
COM00197.00,POINT (-70.28558339999998 -27.515392300000002),22.994328001228812,61201.0,Chile,Bulk metal ore,663696000000.0,,Copper,3603000000.0,5.52,,0.0,,19888560000.0,23069943485.6486,0.005501907304009787
COM00208.00,POINT (122.3509579 -30.1535719),6.217894978857618,11310.0,Australia,Gold dominant ore,33000000000.0,21400.0,Gold,56699.046,35300.0,706200000000000.0,706200000000000.0,0.00018842105996538238,2001476323.8000002,2001476323.8000002,109.6648959288948
COM00211.00,POINT (-69.6300087 -31.2108036),1.0391149008945735,61008.0,Argentina,Bulk metal ore,1216000000.0,,Gold,104042.74941,35300.0,,0.0,,3672709054.1730003,3672709054.1730003,9.98738409727857
COM00223.00,POINT (117.65550029311399 -27.318154057763795),9.800726981762352,11310.0,Australia,Gold dominant ore,25615000000.0,21400.0,Gold,61149.921110999996,35300.0,548161000000000.0,548161000000000.0,0.00038261670824760305,2158592215.2183,2158592215.2183,160.27374694354825
COM00229.00,POINT (-66.6537299 -48.13036929999999),0.4412896556130256,60805.0,Argentina,Gold dominant ore,1530000000.0,21400.0,Silver,863554.820103,445.0,32742000000000.0,65484000000000.0,0.00014421230575589072,384281894.945835,913672382.590935,0.21492813013668155
COM00229.00,POINT (-66.6537299 -48.13036929999999),0.4412896556130256,60805.0,Argentina,Gold dominant ore,1530000000.0,21400.0,Gold,14996.897667000001,35300.0,32742000000000.0,65484000000000.0,0.00014421230575589072,529390487.64510006,913672382.590935,17.049355042303056
COM00230.00,POINT (-70.2202583 -46.8722186),0.9853420254060117,60805.0,Argentina,Gold dominant ore,9300000000.0,21400.0,Gold,73708.75980000001,35300.0,199020000000000.0,199020000000000.0,0.00010595075542000127,2601919220.9400005,2601919220.9400005,13.368045101825356
COM00232.00,POINT (-68.2626647 -48.3842315),45.913168094039115,60805.0,Argentina,Gold dominant ore,17145945945.945944,21400.0,Silver,1001580.9901496216,445.0,366923243243243.2,733846486486486.4,0.0013388928274585808,445703540.6165816,1603314176.4471004,12.743204109329794
COM00232.00,POINT (-68.2626647 -48.3842315),45.913168094039115,60805.0,Argentina,Gold dominant ore,17145945945.945944,21400.0,Gold,32793.502431459456,35300.0,366923243243243.2,733846486486486.4,0.0013388928274585808,1157610635.8305187,1603314176.4471004,1010.8654046277342
COM00250.00,POINT (28.080078199999996 -12.9094858),1.1387714642271618,30704.0,Zambia,Copper dominant ore,250000000.0,0.84,Copper,6800000.0,5.52,210000000.0,210000000.0,0.004555085856908648,37536000.0,37536000.0,0.16746639179811204
COM00254.00,POINT (-2.3822910999999998 6.311212599999998),12.288278902208202,30111.0,Ghana,Gold dominant ore,6725555555.555555,21400.0,Gold,13072.28005,35300.0,143926888888888.88,143926888888888.88,0.0018271024305282308,461451485.765,461451485.765,940.0256768679158
COM00258.00,POINT (-106.34070109163899 25.048709699288096),0.20896611410253751,50302.0,Mexico,Bulk metal ore,8950000000.0,,Silver,1613995.0434360001,445.0,,0.0,,718227794.32902,1676589215.14522,0.055463747431761176
COM00258.00,POINT (-106.34070109163899 25.048709699288096),0.20896611410253751,50302.0,Mexico,Bulk metal ore,8950000000.0,,Gold,16953.014754,35300.0,,0.0,,598441420.8162,1676589215.14522,4.39970850413746
COM00258.00,POINT (-106.34070109163899 25.048709699288096),0.20896611410253751,50302.0,Mexico,Bulk metal ore,8950000000.0,,Lead,74000000.0,1.64,,0.0,,121360000.0,1676589215.14522,0.00020440572087210865
COM00258.00,POINT (-106.34070109163899 25.048709699288096),0.20896611410253751,50302.0,Mexico,Bulk metal ore,8950000000.0,,Zinc,112000000.0,2.13,,0.0,,238560000.0,1676589215.14522,0.000265478161864385
COM00281.00,POINT (-78.3792114 -6.929579399999999),0.052106007587257336,61004.0,Peru,Bulk metal ore,590847127555.9883,,Silver,1071043.3226874394,445.0,,0.0,,476614278.59591055,21306684438.53749,0.0010882581681451468
COM00281.00,POINT (-78.3792114 -6.929579399999999),0.052106007587257336,61004.0,Peru,Bulk metal ore,590847127555.9883,,Gold,356646.38477117824,35300.0,,0.0,,12589617382.422592,21306684438.53749,0.08632699625960377
COM00281.00,POINT (-78.3792114 -6.929579399999999),0.052106007587257336,61004.0,Peru,Bulk metal ore,590847127555.9883,,Copper,1492835648.101266,5.52,,0.0,,8240452777.518987,21306684438.53749,1.3499292332946537e-05
COM00297.00,POINT (147.39957483417396 -33.640608519319194),20.26998877452973,10409.0,Australia,Gold dominant ore,41470000000.0,21400.0,Gold,44083.508265,35300.0,887458000000000.0,887458000000000.0,0.0004887868043050332,1556147841.7545,1556147841.7545,459.8088848255991
COM00299.00,POINT (-102.57679770115199 22.80048580138959),0.8065380133056997,51302.0,Mexico,Bulk metal ore,5166000000.0,,Silver,190225.29933,445.0,,0.0,,84650258.20185,596980258.2018499,0.6012081823310186
COM00299.00,POINT (-102.57679770115199 22.80048580138959),0.8065380133056997,51302.0,Mexico,Bulk metal ore,5166000000.0,,Copper,78000000.0,5.52,,0.0,,430559999.99999994,596980258.2018499,0.007457683520151061
COM00299.00,POINT (-102.57679770115199 22.80048580138959),0.8065380133056997,51302.0,Mexico,Bulk metal ore,5166000000.0,,Lead,7000000.0,1.64,,0.0,,11480000.0,596980258.2018499,0.002215688582073866
COM00299.00,POINT (-102.57679770115199 22.80048580138959),0.8065380133056997,51302.0,Mexico,Bulk metal ore,5166000000.0,,Zinc,33000000.0,2.13,,0.0,,70290000.0,596980258.2018499,0.002877693097449595
COM00302.00,POINT (-105.146627666937 38.7445379943853),15.076110270328376,50511.0,United States of America,Gold dominant ore,174200000000.0,21400.0,Gold,98656.34004000001,35300.0,3727880000000000.0,3727880000000000.0,8.65448350765119e-05,3482568803.412,3482568803.412,152.81440872645186
COM00315.00,POINT (121.27266569999998 -27.896318899999994),4.162691977516745,11310.0,Australia,Gold dominant ore,2690000000.0,21400.0,Gold,6775.535997000001,35300.0,57566000000000.0,57566000000000.0,0.0015474691366233252,239176420.69410002,239176420.69410002,614.3708747706244
COM00326.00,POINT (116.3743459 -28.661411499999993),0.2885874495112067,11209.0,Australia,Bulk metal ore,2225000000.0,,Gold,12643.887257999999,35300.0,,0.0,,446329220.20739996,484417220.20739996,21.02967554164165
COM00326.00,POINT (116.3743459 -28.661411499999993),0.2885874495112067,11209.0,Australia,Bulk metal ore,2225000000.0,,Copper,6900000.0,5.52,,0.0,,38088000.0,484417220.20739996,0.0032884931725173346
COM00327.00,POINT (119.32292670000001 -25.5399495),7.439254822143766,11310.0,Australia,Bulk metal ore,4200000000.0,,Gold,5953.39983,35300.0,,0.0,,210155013.999,1325195013.999,198.16381170135696
COM00327.00,POINT (119.32292670000001 -25.5399495),7.439254822143766,11310.0,Australia,Bulk metal ore,4200000000.0,,Copper,202000000.0,5.52,,0.0,,1115040000.0,1325195013.999,0.03098765554083542
COM00333.00,POINT (121.4514903 16.3270296),3.420640022387841,40122.0,Philippines,Gold dominant ore,43100000000.0,21400.0,Silver,75976.72198840001,445.0,922340000000000.0,2767020000000000.0,2.6455065911738917e-05,33809641.284838006,2177939731.060978,0.698910437352213
COM00333.00,POINT (121.4514903 16.3270296),3.420640022387841,40122.0,Philippines,Gold dominant ore,43100000000.0,21400.0,Gold,35720.3991438,35300.0,922340000000000.0,2767020000000000.0,2.6455065911738917e-05,1260930089.77614,2177939731.060978,55.44165941243398
COM00333.00,POINT (121.4514903 16.3270296),3.420640022387841,40122.0,Philippines,Gold dominant ore,43100000000.0,21400.0,Copper,160000000.0,5.52,922340000000000.0,2767020000000000.0,2.6455065911738917e-05,883199999.9999999,2177939731.060978,0.008669630593672395
COM00344.00,POINT (27.489971899999997 -26.3905704),5.550894780549637,31009.0,South Africa,Gold dominant ore,15000000000.0,21400.0,Gold,94205.46536099001,35300.0,321000000000000.0,321000000000000.0,0.00037005965203664245,3325452927.2429476,3325452927.2429476,58.923277532560576
COM00357.00,POINT (125.79447686125302 50.1337057654023),6.111370126737063,80426.0,China,Copper dominant ore,,0.84,Copper,549778000.0,5.52,,0.0,,3034774560.0,3034774560.0,0.01111606889824086
COM00359.00,POINT (169.205828115202 67.6389253200295),0.5023979937327132,81104.0,Russian Federation,Gold dominant ore,2288000000.0,21400.0,Silver,21857.482233,445.0,48963200000000.0,97926400000000.0,0.00010978977135767333,9726579.593685,472067610.391485,0.47359128711595677
COM00359.00,POINT (169.205828115202 67.6389253200295),0.5023979937327132,81104.0,Russian Federation,Gold dominant ore,2288000000.0,21400.0,Gold,13097.479626,35300.0,48963200000000.0,97926400000000.0,0.00010978977135767333,462341030.7978,472067610.391485,37.56802794425455
COM00363.00,POINT (-87.88033751279539 46.7429387110415),0.6362583886331686,50416.0,United States of America,Bulk metal ore,4119000000.0,,Silver,20978.6471162,445.0,,0.0,,9335497.966709001,1861655497.966709,0.15208774300669414
COM00363.00,POINT (-87.88033751279539 46.7429387110415),0.6362583886331686,50416.0,United States of America,Bulk metal ore,4119000000.0,,Copper,91000000.0,5.52,,0.0,,502319999.99999994,1861655497.966709,0.0018865715537010148
COM00363.00,POINT (-87.88033751279539 46.7429387110415),0.6362583886331686,50416.0,United States of America,Bulk metal ore,4119000000.0,,Nickel,108000000.0,12.5,,0.0,,1350000000.0,1861655497.966709,0.004272127612547589
COM00365.00,POINT (-110.08563229999999 45.502628299999984),1.279163666171933,50528.0,United States of America,Platinum-group metal ore,22500000000.0,1360.0,PGM,726144.68545182,54375.6,30600000000000.0,30600000000000.0,5.685171849653037e-05,39484552958.25398,39484552958.25398,1.761582356518956
COM00368.00,POINT (-1.9331451968705902 5.962441130170501),303.35025834700605,30111.0,Ghana,Gold dominant ore,42100000000.0,21400.0,Gold,41872.245471,35300.0,900940000000000.0,900940000000000.0,0.007205469319406319,1478090265.1263,1478090265.1263,7244.661826342731
COM00369.00,POINT (118.6949462 -31.285880999999993),5.985556720787112,11209.0,Australia,Gold dominant ore,5800000000.0,21400.0,Gold,12408.9,35300.0,124120000000000.0,124120000000000.0,0.0010319925380667433,438034170.0,438034170.0,482.3599771766322
COM00376.00,POINT (-69.4965507 -24.411447999999996),11.42373066425932,61303.0,Chile,Gold dominant ore,6397000000.0,21400.0,Silver,857232.876474,445.0,136895800000000.0,273791600000000.0,0.0008928975038501891,381468630.03093004,1298144786.33133,3.916019383293893
COM00376.00,POINT (-69.4965507 -24.411447999999996),11.42373066425932,61303.0,Chile,Gold dominant ore,6397000000.0,21400.0,Gold,25968.163068,35300.0,136895800000000.0,273791600000000.0,0.0008928975038501891,916676156.3004,1298144786.33133,310.6415375961223
COM00381.00,POINT (-71.1648889 -32.6520941),15.703882332394235,61201.0,Chile,Copper dominant ore,67099999999.99999,0.84,Copper,538000000.0,5.52,56363999999.99999,56363999999.99999,0.00023403699452152364,2969760000.0,2969760000.0,0.029189372365045048
COM00382.00,POINT (-70.4566518384932 -34.08736540053879),1.642001263073678,60404.0,Chile,Copper dominant ore,1348000000000.0,0.84,Copper,11400000000.0,5.52,1132320000000.0,1132320000000.0,1.2181018272059925e-06,62927999999.99999,62927999999.99999,0.00014403519851523492
COM00386.00,POINT (-76.0678333792337 52.7060879054859),5.50701125534093,50616.0,Canada,Gold dominant ore,8300000000.0,21400.0,Gold,36287.38944,35300.0,177620000000000.0,177620000000000.0,0.0006634953319687867,1280944847.2319999,1280944847.2319999,151.76102057290706
COM00398.00,POINT (-130.429281284998 56.65393353038839),0.08492421344913487,50521.0,Canada,Gold dominant ore,35000000.0,21400.0,Gold,453.592368,35300.0,749000000000.0,6484200000000.0,0.00028027793217536256,16011810.590400001,157621221.665775,19.019169519642112
COM00398.00,POINT (-130.429281284998 56.65393353038839),0.08492421344913487,50521.0,Canada,Gold dominant ore,268000000.0,21400.0,Silver,318223.395675,445.0,5735200000000.0,6484200000000.0,0.0002802779321753626,141609411.075375,157621221.665775,0.23976006901531843
COM00418.00,POINT (-147.3607848 64.9968601),20.470756584208083,50607.0,United States of America,Gold dominant ore,267573000000.0,21400.0,Gold,86069.151828,35300.0,5726062200000000.0,5726062200000000.0,7.650531475226604e-05,3038241059.5284,3038241059.5284,237.8408076463528
COM00422.00,POINT (118.35625680000001 -25.329328899999993),9.879454208315114,11310.0,Australia,Gold dominant ore,6471000000.0,21400.0,Gold,11283.110154,35300.0,138479400000000.0,138479400000000.0,0.0015267275858932335,398293788.4362,398293788.4362,875.5967169932065
COM00429.00,POINT (-102.872239051979 23.1620009028247),0.7722685389337461,51307.0,Mexico,Bulk metal ore,22572000000.0,,Silver,5008113.335088,445.0,,0.0,,2228610434.11416,4985378233.74956,0.06893348582842566
COM00429.00,POINT (-102.872239051979 23.1620009028247),0.7722685389337461,51307.0,Mexico,Bulk metal ore,22572000000.0,,Gold,16045.830018,35300.0,,0.0,,566417799.6354,4985378233.74956,5.468206853356013
COM00429.00,POINT (-102.872239051979 23.1620009028247),0.7722685389337461,51307.0,Mexico,Bulk metal ore,22572000000.0,,Lead,355000000.0,1.64,,0.0,,582200000.0,4985378233.74956,0.0002540470039519507
COM00429.00,POINT (-102.872239051979 23.1620009028247),0.7722685389337461,51307.0,Mexico,Bulk metal ore,22572000000.0,,Zinc,755000000.0,2.13,,0.0,,1608150000.0,4985378233.74956,0.0003299512917180824
COM00436.00,POINT (-68.7903564 -23.4228811),50.779837520206044,61001.0,Chile,Copper dominant ore,336000000000.0,0.84,Copper,1200000000.0,5.52,282240000000.0,282240000000.0,0.00015113046881013703,6623999999.999999,6623999999.999999,0.042316531266838375
COM00446.00,POINT (32.1864941 -2.8675759),28.27960876307072,30704.0,Tanzania,Gold dominant ore,9470000000.0,21400.0,Gold,37704.86576290001,35300.0,202658000000000.0,202658000000000.0,0.002986231125984236,1330981761.4303703,1330981761.4303703,750.0254460764228
COM00485.00,POINT (-112.010167 45.90386099999999),9.635852096290906,50808.0,United States of America,Gold dominant ore,366000000.0,21400.0,Gold,566.99046,35300.0,7832400000000.0,7832400000000.0,0.026327464743964222,20014763.237999998,20014763.237999998,16994.734084751453
COM00486.00,POINT (-77.8630862 48.0916336),0.3436845711726893,50602.0,Canada,Gold dominant ore,20980000000.0,21400.0,Gold,30844.281024,35300.0,448972000000000.0,448972000000000.0,1.638153342100521e-05,1088803120.1472,1088803120.1472,11.142570348949539
COM00487.00,POINT (-116.530760318536 40.1367000080191),3.521573995100267,51305.0,United States of America,Gold dominant ore,6399000000.0,21400.0,Gold,56500.599339,35300.0,136938600000000.0,136938600000000.0,0.0005503319260978695,1994471156.6667001,1994471156.6667001,62.328082114156835
COM00495.00,POINT (122.42018274683997 -28.810880647625996),10.141621972332725,11310.0,Australia,Gold dominant ore,34795000000.0,21400.0,Gold,1.5308742419999999,35300.0,744613000000000.0,744613000000000.0,0.00029146779630213323,54039.860742599994,54039.860742599994,6624725.724748804
COM00507.00,POINT (-69.522433 -25.108197399999998),10.1980980424809,61303.0,Chile,Bulk metal ore,739000000.0,,Silver,14174.7615,445.0,,0.0,,6307768.867500001,135402991.7526,33.51590367512584
COM00507.00,POINT (-69.522433 -25.108197399999998),10.1980980424809,61303.0,Chile,Bulk metal ore,739000000.0,,Gold,3657.088467,35300.0,,0.0,,129095222.8851,135402991.7526,2658.67730276841
COM00516.00,POINT (-80.53923789999999 34.59772869999999),10.817836136221931,50413.0,United States of America,Gold dominant ore,47500000000.0,21400.0,Gold,80796.14092050001,35300.0,1016500000000000.0,1016500000000000.0,0.0002277439186573038,2852103774.4936504,2852103774.4936504,133.89050532582024
COM00517.00,POINT (127.35678667856799 -18.4086445092129),0.49559722764620806,10706.0,Australia,Gold dominant ore,1023000000.0,21400.0,Gold,4252.42845,35300.0,21892200000000.0,21892200000000.0,0.00048445476798260817,150110724.28500003,150110724.28500003,116.54451884927258
COM00529.00,POINT (-85.92394399999999 48.695889),2.6285239863245797,50602.0,Canada,Gold dominant ore,24102000000.0,21400.0,Gold,54544.482252,35300.0,515782800000000.0,515782800000000.0,0.00010905833484045224,1925420223.4956,1925420223.4956,48.190465429309285
COM00531.00,POINT (145.5511474 -41.8747177),0.052615721239756434,10413.0,Australia,Gold dominant ore,626000000.0,21400.0,Gold,4195.729404000001,35300.0,13396400000000.0,13396400000000.0,8.405067290695917e-05,148109247.96120003,148109247.96120003,12.540303764488533
COM00541.00,POINT (125.71540571679 9.776895337048098),5.42084212063044,40129.0,Philippines,Ferrous ore,2472000000.0,0.04,Nickel,25200000.0,12.5,98880000.0,197760000.0,0.0010964486489948302,315000000.0,315000000.0,0.2151127825647
COM00543.00,POINT (-79.74040219999999 48.5131301),0.1377293596215616,50602.0,Canada,Gold dominant ore,340000000.0,21400.0,Gold,1559.223765,35300.0,7276000000000.0,7276000000000.0,0.00040508635182812233,55040598.9045,55040598.9045,88.3320038554964
COM00553.00,POINT (-2.043506 5.242686899999999),7.299096828863541,30111.0,Ghana,Gold dominant ore,39130000000.0,21400.0,Gold,46209.7227019,35300.0,837382000000000.0,837382000000000.0,0.00018653454712148072,1631203211.37707,1631203211.37707,157.95586733878898
COM00586.00,POINT (40.942249999999994 23.851027999999996),1.1555675129465106,81325.0,Saudi Arabia,Copper dominant ore,27112000000.0,0.84,Copper,646006253.3540001,5.52,22774080000.0,22774080000.0,4.262199442853757e-05,3565954518.51408,3565954518.51408,0.0017887868839456574
COM00588.00,POINT (-40.5202178 -11.258323599999999),0.3394779280252694,61304.0,Brazil,Gold dominant ore,34176000000.0,21400.0,Gold,70675.360839,35300.0,731366400000000.0,731366400000000.0,9.933225890252497e-06,2494840237.6167,2494840237.6167,4.803341985032201
COM00592.00,POINT (-115.90548279999997 41.4075952),5.417938560186916,51305.0,United States of America,Gold dominant ore,2285714285.714286,21400.0,Gold,16199.727502857148,35300.0,48914285714285.72,48914285714285.72,0.0023703481200817757,571850380.8508573,571850380.8508573,334.4462775211098
COM00604.00,POINT (154.027442445037 61.158579077812405),0.30693762664187496,81103.0,Russian Federation,Gold dominant ore,115555555.55555557,21400.0,Silver,18931.18147,445.0,2472888888888.889,4945777777777.778,0.001328095499892728,8424375.75415,69580596.75915,1.9630076518088044
COM00604.00,POINT (154.027442445037 61.158579077812405),0.30693762664187496,81103.0,Russian Federation,Gold dominant ore,115555555.55555557,21400.0,Gold,1732.47085,35300.0,2472888888888.889,4945777777777.778,0.001328095499892728,61156221.004999995,69580596.75915,155.7172361996647
COM00605.00,POINT (120.6199355 -26.358560499999996),24.29238393071692,11310.0,Australia,Gold dominant ore,16868000000.0,21400.0,Gold,57379.434552000006,35300.0,360975200000000.0,360975200000000.0,0.001440146071301691,2025494039.6856003,2025494039.6856003,423.36394773465383
COM00617.00,POINT (121.57608372334398 -30.604924965154602),6.6772980010956,11310.0,Australia,Gold dominant ore,8249000000.0,21400.0,Gold,20553.404175,35300.0,176528600000000.0,176528600000000.0,0.0008094675719597041,725535167.3774999,725535167.3774999,324.8755264209463
COM00623.00,POINT (-58.7600994361596 5.4497334493571605),18.412300775505923,60125.0,Guyana,Gold dominant ore,1074091000.0,21400.0,Gold,2043.26,35300.0,22985547400000.0,22985547400000.0,0.017142216791227113,72127078.0,72127078.0,9011.237324425634
COM00631.00,POINT (-135.05713528975198 58.84935989197141),0.2266417058385041,50520.0,United States of America,Gold dominant ore,1677000000.0,21400.0,Gold,10375.925417999999,35300.0,35887800000000.0,35887800000000.0,0.00013514711141234591,366270167.25539994,366270167.25539994,21.843035363894337
COM00642.00,POINT (29.593222000000004 3.11375),9.38774934711933,30712.0,DR Congo,Gold dominant ore,62711111111.111115,21400.0,Gold,236246.02608333333,35300.0,1342017777777777.8,1342017777777777.8,0.0001496983418215343,8339484720.741667,8339484720.741667,39.73717358448983
COM00648.00,POINT (27.970171499999996 -12.248818200000002),0.8976315154045431,30704.0,DR Congo,Copper dominant ore,5700000000.0,0.84,Copper,326000000.0,5.52,4788000000.0,4788000000.0,0.0001574792132288672,1799519999.9999998,1799519999.9999998,0.0027534709061489055
COM00651.00,POINT (27.100712282479698 -11.249265167674299),4.71499929412764,30704.0,DR Congo,Copper dominant ore,45300000000.0,0.84,Copper,553000000.0,5.52,38052000000.0,38052000000.0,0.00010408386962754173,3052560000.0,3052560000.0,0.00852621933838633
COM00655.00,POINT (25.4018368 67.914508),5.881747833132928,80608.0,Finland,Gold dominant ore,28925000000.0,21400.0,Gold,116119.646208,35300.0,618995000000000.0,618995000000000.0,0.00020334478247650573,4099023511.1424003,4099023511.1424003,50.65247807074104
COM00657.00,POINT (27.660550000000004 -26.4024115),3.7319937941808528,31009.0,South Africa,Gold dominant ore,32800000000.0,21400.0,Gold,158247.03811166,35300.0,701920000000000.0,701920000000000.0,0.00011378029860307477,5586120445.341598,5586120445.341598,23.583340571262617
COM00662.00,POINT (25.401656592684997 -10.710985879888),66.37739714335439,30704.0,DR Congo,Copper dominant ore,,0.84,Copper,639643000.0,5.52,,0.0,,3530829359.9999995,3530829359.9999995,0.10377256867245384
COM00668.00,POINT (26.744955329727798 -26.9831937848587),1.1131253026463013,31009.0,South Africa,Gold dominant ore,2090000000.0,21400.0,Gold,10205.828326800001,35300.0,44726000000000.0,89452000000000.0,0.0002662979192933735,360265739.93604004,360265739.93604004,109.067609899266
COM00668.00,POINT (26.744955329727798 -26.9831937848587),1.1131253026463013,31009.0,South Africa,Gold dominant ore,2090000000.0,21400.0,,707604.0972000001,0.0,44726000000000.0,89452000000000.0,0.0002662979192933735,0.0,360265739.93604004,0.0
COM00680.00,POINT (27.3195922955006 -25.7135632267719),0.4814144200585372,30709.0,South Africa,Platinum-group metal ore,73600000000.0,1360.0,PGM,188694.42595327998,54375.6,100096000000000.0,100096000000000.0,6.540956794273603e-06,10260372627.86517,10260372627.86517,2.551291155668443
COM00684.00,POINT (169.55663679999998 66.7868346),8.497812057563428,81103.0,Russian Federation,Gold dominant ore,5100000000.0,21400.0,Silver,428134.4963460001,445.0,109140000000000.0,218280000000000.0,0.0008331188291728851,190519850.87397006,1561531132.6769702,2.4216784964978344
COM00684.00,POINT (169.55663679999998 66.7868346),8.497812057563428,81103.0,Russian Federation,Gold dominant ore,5100000000.0,21400.0,Gold,38838.84651,35300.0,109140000000000.0,218280000000000.0,0.0008331188291728851,1371011281.8030002,1561531132.6769702,192.10168747499674
COM00690.00,POINT (96.0021126237194 52.0450496151072),1.3238950717403726,80519.0,Russian Federation,Bulk metal ore,,,Zinc,732877000.0,2.13,,0.0,,1561028010.0,1561028010.0,0.0018064355570448691
COM00694.00,POINT (-69.2684026958665 -26.81175530101009),13.023582500011448,61001.0,Chile,Gold dominant ore,15689000000.0,21400.0,Silver,1031327.297217,445.0,335744600000000.0,671489200000000.0,0.0004150545764552058,458940647.261565,1304564394.067065,4.442474621308084
COM00694.00,POINT (-69.2684026958665 -26.81175530101009),13.023582500011448,61001.0,Chile,Gold dominant ore,15689000000.0,21400.0,Gold,23955.346935,35300.0,335744600000000.0,671489200000000.0,0.0004150545764552058,845623746.8055,1304564394.067065,352.4030429936525
COM00696.00,POINT (-108.88994589999999 28.7058658),3.998173135343795,50302.0,Mexico,Bulk metal ore,20432000000.0,,Silver,48732.830037,445.0,,0.0,,21686109.366465,512047808.6974649,3.47465024751076
COM00696.00,POINT (-108.88994589999999 28.7058658),3.998173135343795,50302.0,Mexico,Bulk metal ore,20432000000.0,,Gold,13891.266269999998,35300.0,,0.0,,490361699.3309999,512047808.6974649,275.62955895984226
COM00699.00,POINT (-78.24358299999999 -7.9497500000000025),12.437232564016856,61004.0,Peru,Gold dominant ore,44886000000.0,21400.0,Silver,253444.73562,445.0,960560400000000.0,1921120800000000.0,0.00013854244713292405,112782907.3509,4067700123.1797,1.360613694074665
COM00699.00,POINT (-78.24358299999999 -7.9497500000000025),12.437232564016856,61004.0,Peru,Gold dominant ore,44886000000.0,21400.0,Gold,112037.314896,35300.0,960560400000000.0,1921120800000000.0,0.00013854244713292405,3954917215.8287997,4067700123.1797,107.93182786704647
COM00707.00,POINT (-78.44162679999998 48.24846),5.407745021231789,50602.0,Canada,Bulk metal ore,14920000000.0,,Silver,249305.705262,445.0,,0.0,,110941038.84159,3014423723.7412686,0.7983106407686613
COM00707.00,POINT (-78.44162679999998 48.24846),5.407745021231789,50602.0,Canada,Bulk metal ore,14920000000.0,,Gold,81873.422424,35300.0,,0.0,,2890131811.5672,3014423723.7412686,63.3266643126601
COM00707.00,POINT (-78.44162679999998 48.24846),5.407745021231789,50602.0,Canada,Bulk metal ore,14920000000.0,,Copper,1109912.174973,5.52,,0.0,,6126715.20585096,3014423723.7412686,0.009902639858523618
COM00707.00,POINT (-78.44162679999998 48.24846),5.407745021231789,50602.0,Canada,Bulk metal ore,14920000000.0,,Zinc,3391623.533628,2.13,,0.0,,7224158.12662764,3014423723.7412686,0.003821127336712918
COM00721.00,POINT (121.33037917858299 -28.914252245379394),6.584016729017372,11310.0,Australia,Gold dominant ore,45783000000.0,21400.0,Gold,96700.22295299999,35300.0,979756200000000.0,979756200000000.0,0.00014380920273938738,3413517870.2408996,3413517870.2408996,68.08688261471183
COM00725.00,POINT (152.642080705952 -3.123610482289739),7.105252428126514,10111.0,Papua New Guinea,Gold dominant ore,330000000000.0,21400.0,Gold,680388.5551200002,35300.0,7062000000000000.0,7062000000000000.0,2.1531067964019738e-05,24017715995.736004,24017715995.736004,10.442933489487283
COM00733.00,POINT (-69.0280993080351 -27.1773594127558),1.5588431051261995,61008.0,Chile,Gold dominant ore,164230000000.0,21400.0,Gold,170890.92464399998,35300.0,3514522000000000.0,3514522000000000.0,9.49182917327041e-06,6032449639.9332,6032449639.9332,9.121860089256243
COM00739.00,POINT (-114.49729874630198 41.00999762813),6.442305873449574,51305.0,United States of America,Gold dominant ore,21600000000.0,21400.0,Gold,30333.989610000004,35300.0,462240000000000.0,462240000000000.0,0.0002982549015485914,1070789833.2330002,1070789833.2330002,212.3791151865425
COM00754.00,POINT (25.822027999999996 -12.238471999999998),103.53842332504408,30704.0,Zambia,Copper dominant ore,374596000000.0,0.84,Copper,2062756661.812,5.52,314660640000.0,314660640000.0,0.0002764002373891982,11386416773.20224,11386416773.20224,0.05019420140138691
COM00758.00,POINT (170.428735 -45.359417),18.070774615041,10801.0,New Zealand,Gold dominant ore,34620000000.0,21400.0,Gold,31184.475443,35300.0,740868000000000.0,740868000000000.0,0.0005219750033229636,1100811983.1378999,1100811983.1378999,579.4798327799789
COM00775.00,POINT (-69.2970037 -27.551667700000007),5.201692601933234,61008.0,Chile,Gold dominant ore,185584000000.0,21400.0,Gold,122271.49269900001,35300.0,3971497600000000.0,3971497600000000.0,2.8028777275698527e-05,4316183692.2747,4316183692.2747,42.54215342523398
COM00776.00,POINT (-117.14910119999996 40.7495727),27.154830783097886,51305.0,United States of America,Gold dominant ore,228763000000.0,21400.0,Gold,102341.77803,35300.0,4895528200000000.0,4895528200000000.0,0.0001187028968106638,3612664764.459,3612664764.459,265.3347567905049
COM00779.00,POINT (99.0649813007943 1.5121182718548),3.0286421750995824,40158.0,Indonesia,Gold dominant ore,,21400.0,Silver,935534.26329,445.0,,0.0,,416312747.16405004,4719486863.06675,0.28557040352550983
COM00779.00,POINT (99.0649813007943 1.5121182718548),3.0286421750995824,40158.0,Indonesia,Gold dominant ore,,21400.0,Gold,121902.949459,35300.0,,0.0,,4303174115.902699,4719486863.06675,22.653112908877517
COM00786.00,POINT (-96.0726469 65.02159879999999),8.428034407998325,51115.0,Canada,Gold dominant ore,26112000000.0,21400.0,Gold,94120.41635999999,35300.0,558796800000000.0,558796800000000.0,0.00032276479810042604,3322450697.5079994,3322450697.5079994,89.54523082178093
COM00787.00,POINT (-112.87500249859 31.136072993496807),20.0168045122434,51310.0,Mexico,Gold dominant ore,292279000000.0,21400.0,Gold,209077.732125,35300.0,6254770600000000.0,6254770600000000.0,6.848526412175832e-05,7380443944.012501,7380443944.012501,95.7385767905502
COM00789.00,POINT (-92.22135049999999 63.03285609999999),3.278597538046281,51114.0,Canada,Gold dominant ore,20749000000.0,21400.0,Gold,115297.510041,35300.0,444028600000000.0,444028600000000.0,0.0001580123156800945,4070002104.4473,4070002104.4473,28.435978685753106
COM00791.00,POINT (-54.54955669999999 5.1249924),238.6291058014822,60125.0,Suriname,Gold dominant ore,148800000000.0,21400.0,Gold,150063.47508,35300.0,3184320000000000.0,3184320000000000.0,0.0016036902271604986,5297240670.324,5297240670.324,1590.187790028634
COM00802.00,POINT (107.09651627066499 41.1322936954404),0.6614303038103774,81314.0,China,Bulk metal ore,,,Zinc,1469829000.0,2.13,,0.0,,3130735770.0,3130735770.0,0.00045000493513897016
COM00805.00,POINT (-116.79066160000002 41.24046),0.007901922466042257,51305.0,United States of America,Bulk metal ore,250000000.0,,Silver,79945.65486000001,445.0,,0.0,,35575816.412700005,65597961.269700006,0.05360464607934431
COM00805.00,POINT (-116.79066160000002 41.24046),0.007901922466042257,51305.0,United States of America,Bulk metal ore,250000000.0,,Gold,850.4856900000001,35300.0,,0.0,,30022144.857000005,65597961.269700006,4.252233722698549
COM00816.00,POINT (29.825327399999995 -20.3279071),0.7887605903911019,30717.0,Zimbabwe,Platinum-group metal ore,610800000000.0,1360.0,PGM,2191361.43890274,54375.6,830688000000000.0,830688000000000.0,1.2913565658007563e-06,119156593057.19981,119156593057.19981,0.35994089171617927
COM00822.00,POINT (-71.0267176 -34.0341147),2.4821207988827925,61201.0,Chile,Bulk metal ore,4709000000.0,,Silver,88592.259375,445.0,,0.0,,39423555.421875,489755833.5873297,2.2552947402634427
COM00822.00,POINT (-71.0267176 -34.0341147),2.4821207988827925,61201.0,Chile,Bulk metal ore,4709000000.0,,Gold,12757.28535,35300.0,,0.0,,450332172.855,489755833.5873297,178.9031558006731
COM00822.00,POINT (-71.0267176 -34.0341147),2.4821207988827925,61201.0,Chile,Bulk metal ore,4709000000.0,,Zinc,49.441528,2.13,,0.0,,105.31045463999999,489755833.5873297,0.010795006284856478
COM00824.00,POINT (-68.9104366998587 -22.3819041962755),178.48700007333392,61303.0,Chile,Bulk metal ore,185000000000.0,,Copper,1700000000.0,5.52,,0.0,,9384000000.0,9384000000.0,0.10499235298431407
COM00827.00,POINT (-137.246686376656 62.6180939226261),8.147201974393164,50617.0,Canada,Bulk metal ore,2363000000.0,,Silver,11906.79966,445.0,,0.0,,5298525.8487,271131743.1342,13.371746283541837
COM00827.00,POINT (-137.246686376656 62.6180939226261),8.147201974393164,50617.0,Canada,Bulk metal ore,2363000000.0,,Gold,1275.728535,35300.0,,0.0,,45033217.2855,271131743.1342,1060.725042267476
COM00827.00,POINT (-137.246686376656 62.6180939226261),8.147201974393164,50617.0,Canada,Bulk metal ore,2363000000.0,,Copper,40000000.0,5.52,,0.0,,220799999.99999997,271131743.1342,0.16586975165202456
COM00829.00,POINT (26.8022387 -26.987488100000004),0.7581116724276891,31009.0,South Africa,Gold dominant ore,17630000000.0,21400.0,Gold,138062.1776431,35300.0,377282000000000.0,754564000000000.0,2.1500614646275924e-05,4873594870.80143,4873594870.80143,5.491088764277343
COM00829.00,POINT (26.8022387 -26.987488100000004),0.7581116724276891,31009.0,South Africa,Gold dominant ore,17630000000.0,21400.0,,5488467.676999999,0.0,377282000000000.0,754564000000000.0,2.1500614646275924e-05,0.0,4873594870.80143,0.0
COM00831.00,POINT (30.128425279185198 -24.640013739015604),0.7228774537912144,30717.0,South Africa,Platinum-group metal ore,47160000000.0,1360.0,PGM,186539.8621954,54375.6,64137600000000.0,64137600000000.0,1.5328190283952806e-05,10143216930.792192,10143216930.792192,3.875190242362258
COM00832.00,POINT (28.913987 -23.971408999999998),37.569091629808646,30717.0,South Africa,Platinum-group metal ore,1200300000000.0,1360.0,PGM,3345243.72934,54375.6,1632408000000000.0,1632408000000000.0,3.1299751420318796e-05,181899634929.1001,181899634929.1001,11.23059922369867
COM00841.00,POINT (-6.846885699999999 11.6809),13.393318104498386,30722.0,Mali,Gold dominant ore,6550000000.0,21400.0,Gold,8221.3617077,35300.0,140170000000000.0,140170000000000.0,0.0020447813899997537,290214068.28181,290214068.28181,1629.0875624599282
COM00847.00,POINT (-43.7419114602547 -19.8594172935267),0.8303375602960085,60104.0,Brazil,Gold dominant ore,7400000000.0,21400.0,Gold,48194.189321000005,35300.0,158360000000000.0,158360000000000.0,0.00011220777841837952,1701254883.0313,1701254883.0313,17.228997354131227
COM00855.00,POINT (121.92327110000001 -31.014823899999996),4.223681086790143,11201.0,Australia,Gold dominant ore,5873000000.0,21400.0,Gold,15053.596712999999,35300.0,125682200000000.0,125682200000000.0,0.0007191692638838998,531391963.96889997,531391963.96889997,280.5762082853364
COM00860.00,POINT (27.4315738 -26.436934899999997),1.1613958619494251,31009.0,South Africa,Gold dominant ore,36470000000.0,21400.0,Gold,330271.94446450006,35300.0,780458000000000.0,780458000000000.0,3.184523887988553e-05,11658599639.596851,11658599639.596851,3.516483556702044
COM00864.00,POINT (117.81681717002999 -28.02735261657139),23.820962358296406,11310.0,Australia,Gold dominant ore,10810000000.0,21400.0,Gold,23014.0,35300.0,231334000000000.0,231334000000000.0,0.0022036042884640526,812394200.0,812394200.0,1035.0639766358045
COM00874.00,POINT (-90.36632539999998 52.6115436),11.580224434507832,50602.0,Canada,Gold dominant ore,10900000000.0,21400.0,Gold,59250.50307,35300.0,233260000000000.0,233260000000000.0,0.001062405911422737,2091542758.371,2091542758.371,195.44516644570376
COM00886.00,POINT (15.765852899999999 -21.9838412),7.716336187830537,31316.0,Namibia,Gold dominant ore,46340000000.0,21400.0,Gold,54431.0844096,35300.0,991676000000000.0,991676000000000.0,0.00016651567086384413,1921417279.65888,1921417279.65888,141.76341095401008
COM00889.00,POINT (-7.978095800000001 37.57501890000001),1.3530652653811739,81209.0,Portugal,Bulk metal ore,27917000000.0,,Silver,15308742.4902,445.0,,0.0,,6812390408.139,12954770408.139,0.046478171679239996
COM00889.00,POINT (-7.978095800000001 37.57501890000001),1.3530652653811739,81209.0,Portugal,Bulk metal ore,27917000000.0,,Copper,98000000.0,5.52,,0.0,,540960000.0,12954770408.139,0.0005765382194818085
COM00889.00,POINT (-7.978095800000001 37.57501890000001),1.3530652653811739,81209.0,Portugal,Bulk metal ore,27917000000.0,,Lead,540000000.0,1.64,,0.0,,885600000.0,12954770408.139,0.00017129034057068225
COM00889.00,POINT (-7.978095800000001 37.57501890000001),1.3530652653811739,81209.0,Portugal,Bulk metal ore,27917000000.0,,Zinc,2214000000.0,2.13,,0.0,,4715820000.0,12954770408.139,0.00022246855208265436
COM00899.00,POINT (121.570094894842 -21.657073773211703),9.914133182263976,11304.0,Australia,Copper dominant ore,,0.84,Copper,151000000.0,5.52,,0.0,,833519999.9999999,833519999.9999999,0.06565651114082104
COM00906.00,POINT (-112.6482245 31.025206700000002),2.116233345189966,51310.0,Mexico,Gold dominant ore,33914000000.0,21400.0,Gold,16357.674771,35300.0,725759600000000.0,725759600000000.0,6.239999248658272e-05,577425919.4162999,577425919.4162999,129.372504027392
COM00916.00,POINT (34.51061179999999 -1.4670388999999997),6.0199551064197445,30716.0,Tanzania,Gold dominant ore,26248826291.07981,21400.0,Gold,61889.80373239437,35300.0,561724882629107.94,561724882629107.94,0.0002293418776010384,2184710071.7535214,2184710071.7535214,97.26893193020062
COM00932.00,POINT (-1.6921037 6.172193),0.8913437534561628,30111.0,Ghana,Gold dominant ore,20280000000.0,21400.0,Gold,166014.80744928,35300.0,433992000000000.0,433992000000000.0,4.395186161026444e-05,5860322702.959584,5860322702.959584,5.369061755099656
COM00944.00,POINT (140.5834985 -22.094721499999995),4.878825675260486,10707.0,Australia,Gold dominant ore,4181000000.0,21400.0,Gold,2324.660886,35300.0,89473400000000.0,89473400000000.0,0.001166904012260341,82060529.2758,82060529.2758,2098.7257559339714
COM00950.00,POINT (121.35103229999999 -30.49180220000001),9.817162532492722,11201.0,Australia,Gold dominant ore,,21400.0,Gold,31339.0,35300.0,,0.0,,1106266700.0,1106266700.0,313.25704497567637
COM00954.00,POINT (-108.40827569999999 27.3911752),4.600684101746403,60228.0,Mexico,Bulk metal ore,11669000000.0,,Silver,1431424.115316,445.0,,0.0,,636983731.3156201,1330495277.51232,1.5387536204601011
COM00954.00,POINT (-108.40827569999999 27.3911752),4.600684101746403,60228.0,Mexico,Bulk metal ore,11669000000.0,,Gold,19646.219439,35300.0,,0.0,,693511546.1967,1330495277.51232,122.06292764548664
COM00959.00,POINT (-46.885077599999995 -17.1808882),49.61768564817419,60704.0,Brazil,Gold dominant ore,590628000000.0,21400.0,Gold,225038.513574,35300.0,1.26394392e+16,1.26394392e+16,8.400835322432086e-05,7943859529.1622,7943859529.1622,220.4853065377997
COM00963.00,POINT (-70.0132891 -29.318274599999995),32.50111986022353,61008.0,Chile,Gold dominant ore,277870000000.0,21400.0,Silver,17202490.5564,445.0,5946418000000000.0,1.7839254e+16,3.898839968357329e-05,7655108297.598001,22980664711.86972,0.6293550912967806
COM00963.00,POINT (-70.0132891 -29.318274599999995),32.50111986022353,61008.0,Chile,Gold dominant ore,277870000000.0,21400.0,Gold,398310.79815,35300.0,5946418000000000.0,1.7839254e+16,3.898839968357329e-05,14060371174.695,22980664711.86972,49.92412297253113
COM00963.00,POINT (-70.0132891 -29.318274599999995),32.50111986022353,61008.0,Chile,Gold dominant ore,277870000000.0,21400.0,Copper,229200224.56100002,5.52,5946418000000000.0,1.7839254e+16,3.898839968357329e-05,1265185239.57672,22980664711.86972,0.007806831694288154
COM00966.00,POINT (116.24281049999998 -22.580181600000003),2.77002345695781,11307.0,Australia,Gold dominant ore,281000000.0,21400.0,Gold,1190.679966,35300.0,6013400000000.0,6013400000000.0,0.009857734722269787,42031002.79979999,42031002.79979999,2326.421486928596
COM00971.00,POINT (-101.7177835 24.6570143),51.58646616263059,51307.0,Mexico,Gold dominant ore,486800000000.0,21400.0,Gold,229064.14584,35300.0,1.041752e+16,1.041752e+16,0.00010597055497664461,8085964348.152,8085964348.152,225.2053282867911
COM00973.00,POINT (101.98123399999999 4.137054000000001),7.566047321193445,40146.0,Malaysia,Gold dominant ore,14800000000.0,21400.0,Gold,11566.605384,35300.0,316720000000000.0,316720000000000.0,0.0005112194135941517,408301170.05520004,408301170.05520004,654.128594346229
COM00982.00,POINT (-77.5877318 -9.4593198),9.451672336902154,61003.0,Peru,Gold dominant ore,29182000000.0,21400.0,Silver,188581.026996,445.0,624494800000000.0,1248989600000000.0,0.00016194353260403938,83918557.01322,767422721.59092,5.480674563820764
COM00982.00,POINT (-77.5877318 -9.4593198),9.451672336902154,61003.0,Peru,Gold dominant ore,29182000000.0,21400.0,Gold,19362.724209,35300.0,624494800000000.0,1248989600000000.0,0.00016194353260403938,683504164.5777,767422721.59092,434.75912832106286
COM00990.00,POINT (-108.303056 28.270556000000003),4.057460482043008,50302.0,Mexico,Bulk metal ore,15215000000.0,,Silver,737115.9475230001,445.0,,0.0,,328016596.64773506,1346768045.461935,1.3406688112278733
COM00990.00,POINT (-108.303056 28.270556000000003),4.057460482043008,50302.0,Mexico,Bulk metal ore,15215000000.0,,Gold,28859.814414,35300.0,,0.0,,1018751448.8142,1346768045.461935,106.34968322773915
COM00991.00,POINT (-110.96846755659901 33.395592493290394),21.42100367387624,50503.0,United States of America,Bulk metal ore,399000000000.0,,Copper,1240000000.0,5.52,,0.0,,6844799999.999999,7519799999.999999,0.015724346429399298
COM00991.00,POINT (-110.96846755659901 33.395592493290394),21.42100367387624,50503.0,United States of America,Bulk metal ore,399000000000.0,,Molybdenum,25000000.0,27.0,,0.0,,675000000.0,7519799999.999999,0.0769125640568444
COM00995.00,POINT (119.45073539999997 -25.315709499999993),6.169137955089782,11310.0,Australia,Gold dominant ore,488000000.0,21400.0,Gold,3713.787513,35300.0,10443200000000.0,10443200000000.0,0.01264167613747906,131096699.2089,131096699.2089,1661.1445683133195
COM00997.00,POINT (-144.9045104 64.4535064),4.3065534330382755,51111.0,United States of America,Gold dominant ore,5867000000.0,21400.0,Gold,42836.12925300001,35300.0,125553800000000.0,125553800000000.0,0.000734029901659839,1512115362.6309001,1512115362.6309001,100.53554109902842
COM01007.00,POINT (-81.24191969999998 48.4629544),3.9216328032736594,50602.0,Canada,Bulk metal ore,54300000000.0,,Gold,79945.65486000001,35300.0,,0.0,,2822081616.5580006,2822081616.5580006,49.05373294072306
COM01008.00,POINT (143.09275 -5.463639),10.813648459193441,11002.0,Papua New Guinea,Gold dominant ore,27882105263.157898,21400.0,Gold,125334.7332631579,35300.0,596677052631579.0,596677052631579.0,0.0003878347189759049,4424316084.189474,4424316084.189474,86.27814634981243
COM01015.00,POINT (135.5646667 -29.729713399999998),15.182738025137086,11309.0,Australia,Bulk metal ore,56000000000.0,,Silver,124737.901772,445.0,,0.0,,55508366.28854,3857346778.94954,1.7515455074085746
COM01015.00,POINT (135.5646667 -29.729713399999998),15.182738025137086,11309.0,Australia,Bulk metal ore,56000000000.0,,Gold,33735.93237,35300.0,,0.0,,1190878412.661,3857346778.94954,138.94282339668018
COM01015.00,POINT (135.5646667 -29.729713399999998),15.182738025137086,11309.0,Australia,Bulk metal ore,56000000000.0,,Copper,473000000.0,5.52,,0.0,,2610960000.0,3857346778.94954,0.021727036406506365
COM01052.00,POINT (-70.177972 18.94025),7.262878286800283,60127.0,Dominican Republic,Gold dominant ore,127901666666.66669,21400.0,Silver,1986923.56866,445.0,2737095666666667.0,5474191333333334.0,2.839243020080641e-05,884180988.0537001,11812241716.0017,0.273612826026736
COM01052.00,POINT (-70.177972 18.94025),7.262878286800283,60127.0,Dominican Republic,Gold dominant ore,127901666666.66669,21400.0,Gold,309576.79116,35300.0,2737095666666667.0,5474191333333334.0,2.839243020080641e-05,10928060727.948,11812241716.0017,21.704567997177026
COM01067.00,POINT (146.89745964573 -20.113653934709596),3.7558767164752176,10705.0,Australia,Gold dominant ore,,21400.0,Gold,73708.760138,35300.0,,0.0,,2601919232.8714,2601919232.8714,50.95563552342137
COM01074.00,POINT (-93.74358649999999 51.0611857),3.1304661879916202,50609.0,Canada,Bulk metal ore,5100000000.0,,Gold,36854.37990000001,35300.0,,0.0,,1300959610.4700003,1300959610.4700003,84.94149668196206
COM01081.00,POINT (145.43580429999997 -41.79523509999999),3.722221200642685,10413.0,Australia,Tin dominant ore,30920000000.0,9.3,Copper,66000000.0,5.52,287556000000.0,575112000000.0,6.019115783704212e-05,364320000.0,3387020000.0,0.006066294567952838
COM01081.00,POINT (145.43580429999997 -41.79523509999999),3.722221200642685,10413.0,Australia,Tin dominant ore,30920000000.0,9.3,Tin,181000000.0,16.7,287556000000.0,575112000000.0,6.019115783704212e-05,3022700000.0,3387020000.0,0.01835273900087181
COM01086.00,POINT (117.4181872 8.570001000000001),13.521232077968175,40143.0,Philippines,Ferrous ore,41881000000.0,0.04,Nickel,490000000.0,12.5,1675240000.0,3350480000.0,0.00016142441773081082,6125000000.0,6125000000.0,0.027594351179526886
COM01093.00,POINT (-118.15413149999999 40.285508699999994),7.509071101791987,51305.0,United States of America,Bulk metal ore,263392000000.0,,Silver,3330303.515379,445.0,,0.0,,1481985064.343655,2219529089.663955,1.505516037549819
COM01093.00,POINT (-118.15413149999999 40.285508699999994),7.509071101791987,51305.0,United States of America,Bulk metal ore,263392000000.0,,Gold,20893.598451,35300.0,,0.0,,737544025.3203001,2219529089.663955,119.42632837192944
COM01101.00,POINT (-117.10340890000002 38.708353499999994),31.2596317076197,51305.0,United States of America,Gold dominant ore,8226000000.0,21400.0,Silver,47315.353887,445.0,176036400000000.0,2613325200000000.0,0.0002559789032543908,21055332.479714997,2691024748.428915,5.169233808797958
COM01101.00,POINT (-117.10340890000002 38.708353499999994),31.2596317076197,51305.0,United States of America,Gold dominant ore,113892000000.0,21400.0,Gold,75636.52736400001,35300.0,2437288800000000.0,2613325200000000.0,0.00025597890325439085,2669969415.9492,2691024748.428915,410.0538279788043
COM01102.00,POINT (27.5539872 -11.6112544),14.94635604165674,30704.0,DR Congo,Bulk metal ore,12200000000.0,,Cobalt,29000000.0,32.1,,0.0,,930900000.0,2410260000.0,0.19905654532589073
COM01102.00,POINT (27.5539872 -11.6112544),14.94635604165674,30704.0,DR Congo,Bulk metal ore,12200000000.0,,Copper,268000000.0,5.52,,0.0,,1479360000.0,2410260000.0,0.0342302844298728
COM01106.00,POINT (-11.647074199999999 13.8695281),4.018031720639898,30722.0,Mali,Gold dominant ore,63780487804.87806,21400.0,Gold,112706.64073634149,35300.0,1364902439024390.5,1364902439024390.5,6.2997820476572e-05,3978544417.9928546,3978544417.9928546,35.65035471192347
COM01113.00,POINT (-69.5969407079833 -26.282513202488293),28.88254707693212,61201.0,Chile,Bulk metal ore,581000000000.0,,Copper,3700000000.0,5.52,,0.0,,20424000000.0,20424000000.0,0.00780609380457625
COM01123.00,POINT (-106.500856072769 26.0320372172371),1.548229314104586,50302.0,Mexico,Bulk metal ore,18454000000.0,,Silver,3178406.771145,445.0,,0.0,,1414391013.1595252,2286152127.462925,0.30136316673778035
COM01123.00,POINT (-106.500856072769 26.0320372172371),1.548229314104586,50302.0,Mexico,Bulk metal ore,18454000000.0,,Gold,8107.963578,35300.0,,0.0,,286211114.3034,2286152127.462925,23.905887159199203
COM01123.00,POINT (-106.500856072769 26.0320372172371),1.548229314104586,50302.0,Mexico,Bulk metal ore,13998000000.0,,Lead,83000000.0,1.64,,0.0,,136120000.0,2286152127.462925,0.0011106417830336174
COM01123.00,POINT (-106.500856072769 26.0320372172371),1.548229314104586,50302.0,Mexico,Bulk metal ore,13998000000.0,,Zinc,211000000.0,2.13,,0.0,,449430000.0,2286152127.462925,0.001442479876744881
COM01131.00,POINT (-70.007461525698 -26.4673849752478),1.6429539894988807,61201.0,Chile,Bulk metal ore,392300000000.0,,Gold,14364.703304100001,35300.0,,0.0,,507074026.63473004,6948914026.634729,8.3460920090556
COM01131.00,POINT (-70.007461525698 -26.4673849752478),1.6429539894988807,61201.0,Chile,Bulk metal ore,392300000000.0,,Copper,1167000000.0,5.52,,0.0,,6441839999.999999,6948914026.634729,0.0013051112716710171
COM01138.00,POINT (-102.9258891 23.127227700000002),2.4054362976468373,50302.0,Mexico,Bulk metal ore,14910000000.0,,Silver,376736.811147,445.0,,0.0,,167647880.960415,1871319092.8905153,0.57201316254377
COM01138.00,POINT (-102.9258891 23.127227700000002),2.4054362976468373,50302.0,Mexico,Bulk metal ore,14910000000.0,,Gold,19249.326117000004,35300.0,,0.0,,679501211.9301002,1871319092.8905153,45.3754261523485
COM01138.00,POINT (-102.9258891 23.127227700000002),2.4054362976468373,50302.0,Mexico,Bulk metal ore,14910000000.0,,Lead,192000000.0,1.64,,0.0,,314880000.0,1871319092.8905153,0.0021080934529702985
COM01138.00,POINT (-102.9258891 23.127227700000002),2.4054362976468373,50302.0,Mexico,Bulk metal ore,14910000000.0,,Zinc,333000000.0,2.13,,0.0,,709290000.0,1871319092.8905153,0.002737950643187034
COM01140.00,POINT (27.4030727 -26.422493099999993),0.8071312239916427,31009.0,South Africa,Gold dominant ore,3290000000.0,21400.0,Gold,15308.742490200002,35300.0,70406000000000.0,70406000000000.0,0.0002453286395111376,540398609.9040601,540398609.9040601,52.723548293292765
COM01143.00,POINT (-103.620726952156 55.6842228091855),0.441307939828276,50609.0,Canada,Gold dominant ore,1528000000.0,21400.0,Gold,14174.7615,35300.0,32699200000000.0,32699200000000.0,0.00028881409674625394,500369080.95000005,500369080.95000005,31.133359092375272
COM01153.00,POINT (-49.9664197390533 -14.575291582930102),0.7082348319654894,60704.0,Brazil,Gold dominant ore,3830000000.0,21400.0,Gold,11056.3140207,35300.0,81962000000000.0,81962000000000.0,0.00018491771069595024,390287884.93071,390287884.93071,64.05704746080009
COM01183.00,POINT (130.89026664014798 43.2147184055476),2.9154897802538993,80426.0,China,Bulk metal ore,,,Gold,12864.0,35300.0,,0.0,,454099200.0,756197760.0,136.09771766973054
COM01183.00,POINT (130.89026664014798 43.2147184055476),2.9154897802538993,80426.0,China,Bulk metal ore,,,Copper,54728000.0,5.52,,0.0,,302098560.0,756197760.0,0.021282136020875708
COM01185.00,POINT (125.57809640000002 9.5392957),2.086512234094018,40129.0,Philippines,Bulk metal ore,3300000000.0,,Silver,19986.413715000002,445.0,,0.0,,8893954.103175001,415193647.834575,2.2363009381631436
COM01185.00,POINT (125.57809640000002 9.5392957),2.086512234094018,40129.0,Philippines,Bulk metal ore,3300000000.0,,Gold,11509.906338,35300.0,,0.0,,406299693.7314,415193647.834575,177.39645644305386
COM01189.00,POINT (-12.294676009903998 7.7657870670906),5.032319962972559,30130.0,Sierra Leone,Bulk metal ore,272000000000.0,,Rutile,3700000000.0,0.846,,0.0,,3130200000.0,3130200000.0,0.0013600864764790701
COM01191.00,POINT (-9.35316856114314 11.5568304908159),15.677011777550165,30722.0,Guinea,Gold dominant ore,95223529411.76472,21400.0,Gold,68705.90311505883,35300.0,2037783529411765.0,2037783529411765.0,0.00016463380295178698,2425318379.9615765,2425318379.9615765,228.17561616643837
COM01193.00,POINT (-130.337474476799 59.9281194815848),1.2989194092121732,50613.0,Canada,Bulk metal ore,1812000000.0,,Silver,424562.456448,445.0,,0.0,,188930293.11936,620501116.4297559,0.9315360146734756
COM01193.00,POINT (-130.337474476799 59.9281194815848),1.2989194092121732,50613.0,Canada,Bulk metal ore,1812000000.0,,Lead,89113664.19494,1.64,,0.0,,146146409.2797016,620501116.4297559,0.0034330765484595505
COM01193.00,POINT (-130.337474476799 59.9281194815848),1.2989194092121732,50613.0,Canada,Bulk metal ore,1812000000.0,,Zinc,134002072.31488,2.13,,0.0,,285424414.03069437,620501116.4297559,0.004458812834279781
COM01227.00,POINT (-109.87504597970299 45.38915738164109),1.3423315235771158,50528.0,United States of America,Platinum-group metal ore,23900000000.0,1360.0,PGM,418325.56330628,54375.6,32504000000000.0,32504000000000.0,5.616449889443999e-05,22746703500.11696,22746703500.11696,3.208820214016704
COM01241.00,POINT (34.7149193 24.944876599999997),20.05429947248516,81333.0,Egypt,Gold dominant ore,,21400.0,Gold,226796.18504,35300.0,,0.0,,8005905331.912001,8005905331.912001,88.42432454914612
COM01243.00,POINT (122.41739469999997 -29.077361000000003),17.09772698598278,11310.0,Australia,Gold dominant ore,84000000000.0,21400.0,Gold,165561.2150792,35300.0,1797600000000000.0,1797600000000000.0,0.00020354436888074743,5844310892.295759,5844310892.295759,103.2713306543667
COM01248.00,POINT (125.8175755 9.535918299999997),9.80719535070063,40129.0,Philippines,Ferrous ore,71208000000.0,0.04,Nickel,733440000.0,12.5,2848320000.0,5696640000.0,6.886301644970109e-05,9168000000.0,9168000000.0,0.013371503259572193
COM01265.00,POINT (-15.510972 20.5501513),17.862180747042498,81321.0,Mauritania,Gold dominant ore,119917000000.0,21400.0,Gold,210920.45111999998,35300.0,2566223800000000.0,2566223800000000.0,0.00014895453311075573,7445491924.535999,7445491924.535999,84.68681274003193
COM01266.00,POINT (26.6164087727796 -26.998154391715794),1.1018857679640564,31009.0,South Africa,Gold dominant ore,4630000000.0,21400.0,Gold,34019.427756,35300.0,99082000000000.0,99082000000000.0,0.00023798828681729082,1200885799.7868,1200885799.7868,32.389897204244335
COM01270.00,POINT (122.21440879999999 -21.730009),68.29681598115113,11304.0,Australia,Bulk metal ore,77200000000.0,,Gold,55281.5701035,35300.0,,0.0,,1951439424.6535501,3903843424.65355,617.5651382198022
COM01270.00,POINT (122.21440879999999 -21.730009),68.29681598115113,11304.0,Australia,Bulk metal ore,81600000000.0,,Copper,200200000.0,5.52,,0.0,,1105104000.0,3903843424.65355,0.09657109243550446
COM01270.00,POINT (122.21440879999999 -21.730009),68.29681598115113,11304.0,Australia,Bulk metal ore,44000000000.0,,Lead,140000000.0,1.64,,0.0,,229600000.0,3903843424.65355,0.028691411520693353
COM01270.00,POINT (122.21440879999999 -21.730009),68.29681598115113,11304.0,Australia,Bulk metal ore,44000000000.0,,,160000000.0,0.0,,0.0,,0.0,3903843424.65355,0.0
COM01270.00,POINT (122.21440879999999 -21.730009),68.29681598115113,11304.0,Australia,Bulk metal ore,44000000000.0,,Zinc,290000000.0,2.13,,0.0,,617700000.0,3903843424.65355,0.03726384545065661
COM01278.00,POINT (121.00078429999999 -28.1792647),6.32818955847608,11310.0,Australia,Gold dominant ore,33000000000.0,21400.0,Gold,48194.1891,35300.0,706200000000000.0,706200000000000.0,0.00019176331995382059,1701254875.23,1701254875.23,131.30606981155907
COM01289.00,POINT (-5.705472 9.937916999999999),6.813360911244398,30722.0,Cote d'Ivoire,Gold dominant ore,,21400.0,Gold,26932.0469735,35300.0,,0.0,,950701258.1645501,950701258.1645501,252.98340367326915
COM01292.00,POINT (-62.91736640116831 44.986457510825794),2.521816345498403,50410.0,Canada,Gold dominant ore,50520000000.0,21400.0,Gold,49214.771928,35300.0,1081128000000000.0,1081128000000000.0,4.9917188153175044e-05,1737281449.0584002,1737281449.0584002,51.241045050208875
COM01295.00,POINT (146.72236799999996 -31.397238),4.409486462100547,10803.0,Australia,Copper dominant ore,4900000000.0,0.84,Silver,19135.928024999997,445.0,4116000000.0,13524000000.0,0.00027388114671431975,8515487.971125,523749443.4185249,3.7464888990187335
COM01295.00,POINT (146.72236799999996 -31.397238),4.409486462100547,10803.0,Australia,Copper dominant ore,5600000000.0,0.84,Gold,1304.078058,35300.0,4704000000.0,13524000000.0,0.00027388114671431975,46033955.4474,523749443.4185249,297.19338906822765
COM01295.00,POINT (146.72236799999996 -31.397238),4.409486462100547,10803.0,Australia,Copper dominant ore,5600000000.0,0.84,Copper,85000000.0,5.52,4704000000.0,13524000000.0,0.00027388114671431975,469199999.99999994,523749443.4185249,0.04647330050018743
COM01296.00,POINT (124.5402997 -29.2404609),22.88053476673139,11305.0,Australia,Gold dominant ore,65671428571.42857,21400.0,Gold,106108.2151437143,35300.0,1405368571428571.5,1405368571428571.5,0.00034840927423780666,3745619994.573115,3745619994.573115,215.63396138311916
COM01300.00,POINT (114.03946044462 -8.624340971419096),1.5724005321317285,40113.0,Indonesia,Gold dominant ore,35990000000.0,21400.0,Silver,996457.383927,445.0,770186000000000.0,1540372000000000.0,2.1844964325253245e-05,443423535.847515,1315066474.8624148,0.5320782258340403
COM01300.00,POINT (114.03946044462 -8.624340971419096),1.5724005321317285,40113.0,Indonesia,Gold dominant ore,35990000000.0,21400.0,Gold,24692.434533,35300.0,770186000000000.0,1540372000000000.0,2.1844964325253245e-05,871642939.0149,1315066474.8624148,42.207553644812634
COM01310.00,POINT (30.104568200000003 -24.935206600000004),0.4277251042478479,31004.0,South Africa,Platinum-group metal ore,64970000000.0,1360.0,PGM,207235.0140803,54375.6,88359200000000.0,88359200000000.0,6.583424722915928e-06,11268528231.62476,11268528231.62476,2.063961566273312
COM01320.00,POINT (30.094857199999996 -19.622660199999995),0.7280238356621582,30719.0,Zimbabwe,Platinum-group metal ore,52500000000.0,1360.0,PGM,158757.329528,54375.6,71400000000000.0,71400000000000.0,1.3867120679279203e-05,8632525047.482718,8632525047.482718,4.585765191608094
COM01331.00,POINT (-69.95186099999998 -29.378722000000003),12.027520529705846,61008.0,Argentina,Gold dominant ore,200486000000.0,21400.0,Silver,2546070.66063,445.0,4290400400000000.0,8851853200000000.0,2.9077407128227693e-05,1133001443.98035,6212748353.78475,0.8614941940242213
COM01331.00,POINT (-69.95186099999998 -29.378722000000003),12.027520529705846,61008.0,Argentina,Gold dominant ore,213152000000.0,21400.0,Gold,143902.178748,35300.0,4561452800000000.0,8851853200000000.0,2.9077407128227696e-05,5079746909.8044,6212748353.78475,68.33875291922476
COM01350.00,POINT (175.84204161529996 -37.3865483488914),0.6178537669709429,10406.0,New Zealand,Gold dominant ore,920000000.0,21400.0,Silver,23246.608966600004,445.0,19688000000000.0,39376000000000.0,0.0003357900907450776,10344740.990137001,110418557.63903701,2.4900246134429347
COM01350.00,POINT (175.84204161529996 -37.3865483488914),0.6178537669709429,10406.0,New Zealand,Gold dominant ore,920000000.0,21400.0,Gold,2834.9523130000007,35300.0,19688000000000.0,39376000000000.0,0.0003357900907450776,100073816.64890002,110418557.63903701,197.52330079670918
COM01366.00,POINT (126.329575878024 -7.706117418790139),1.2105028503453108,10204.0,Indonesia,Copper dominant ore,8340000000.0,0.84,Copper,113500000.0,5.52,7005600000.0,7005600000.0,0.0001451442266601092,626520000.0,626520000.0,0.010665223351060007
COM01367.00,POINT (-103.8458114 44.3471028),11.21959260196084,50528.0,United States of America,Gold dominant ore,30966000000.0,21400.0,Gold,21772.433664,35300.0,662672400000000.0,662672400000000.0,0.00036231972492284576,768566908.3392,768566908.3392,515.3118284848454
COM01374.00,POINT (120.255726473644 -26.629212723683903),13.336554421593588,11310.0,Australia,Gold dominant ore,24700000000.0,21400.0,Gold,39689.332382,35300.0,528580000000000.0,528580000000000.0,0.0005399414745584449,1401033433.0846,1401033433.0846,336.0236522305931
COM01388.00,POINT (-78.49792479999999 -6.9729494999999995),61.24899938737847,61004.0,Peru,Bulk metal ore,178941524796.44708,,Silver,1416426.9448556625,445.0,,0.0,,630309990.4607698,4463633445.555144,6.106192423691188
COM01388.00,POINT (-78.49792479999999 -6.9729494999999995),61.24899938737847,61004.0,Peru,Bulk metal ore,193190229459.65952,,Gold,108592.73243893412,35300.0,,0.0,,3833323455.0943747,4463633445.555144,484.3788596770764
COM01399.00,POINT (-75.72189999999999 -12.310499999999998),0.07876217109110593,61003.0,Peru,Bulk metal ore,8439000000.0,,Silver,357203.991438,445.0,,0.0,,158955776.18991,1480490795.29163,0.023674018269487507
COM01399.00,POINT (-75.72189999999999 -12.310499999999998),0.07876217109110593,61003.0,Peru,Bulk metal ore,8439000000.0,,Gold,3855.535128,35300.0,,0.0,,136100390.0184,1480490795.29163,1.8779614492424925
COM01399.00,POINT (-75.72189999999999 -12.310499999999998),0.07876217109110593,61003.0,Peru,Bulk metal ore,8439000000.0,,Copper,95163679.226,5.52,,0.0,,525303509.32751995,1480490795.29163,0.0002936642266237552
COM01399.00,POINT (-75.72189999999999 -12.310499999999998),0.07876217109110593,61003.0,Peru,Bulk metal ore,8439000000.0,,Lead,65544097.464999996,1.64,,0.0,,107492319.84259999,1480490795.29163,8.724806733024609e-05
COM01399.00,POINT (-75.72189999999999 -12.310499999999998),0.07876217109110593,61003.0,Peru,Bulk metal ore,8439000000.0,,Zinc,259454835.64000002,2.13,,0.0,,552638799.9132,1480490795.29163,0.00011331608744720987
COM01430.00,POINT (116.40543743353699 25.1897949289825),18.908501605018234,40118.0,China,Bulk metal ore,,,Gold,357.0,35300.0,,0.0,,12602100.0,2780550900.0,240.0495911285579
COM01430.00,POINT (116.40543743353699 25.1897949289825),18.908501605018234,40118.0,China,Bulk metal ore,,,Copper,501440000.0,5.52,,0.0,,2767948800.0,2780550900.0,0.03753749980253936
COM01432.00,POINT (15.1034572 58.81643669999998),0.22172359224185895,80436.0,Sweden,Bulk metal ore,10816000000.0,,Silver,822136.1707700001,445.0,,0.0,,365850595.99265003,2684680595.99265,0.03675185744438455
COM01432.00,POINT (15.1034572 58.81643669999998),0.22172359224185895,80436.0,Sweden,Bulk metal ore,10816000000.0,,Lead,371000000.0,1.64,,0.0,,608440000.0,2684680595.99265,0.00013544504766020373
COM01432.00,POINT (15.1034572 58.81643669999998),0.22172359224185895,80436.0,Sweden,Bulk metal ore,10816000000.0,,Zinc,803000000.0,2.13,,0.0,,1710390000.0,2684680595.99265,0.00017591338507087436
COM00007.00,POINT (-0.0003929147341517 -0.0001784748117674),1.0843522363765428,,Brazil,Gold dominant ore,10730000000.0,21400.0,Gold,48194.189321000005,35300.0,229622000000000.0,417086000000000.0,5.563633844928388e-05,1701254883.0313,1701254883.0313,22.49964677596621
COM00007.00,POINT (-0.0003929147341517 -0.0001784748117674),1.0843522363765428,,Brazil,Gold dominant ore,8760000000.0,21400.0,,370584966.29,0.0,187464000000000.0,417086000000000.0,5.563633844928388e-05,0.0,1701254883.0313,0.0
COM00009.00,POINT (-2.121207999638812e-5 6.288053807856697e-5),29.481406994479656,,Ghana,Gold dominant ore,171000000000.0,21400.0,Gold,273289.40172,35300.0,3659400000000000.0,3659400000000000.0,0.00017240588885660617,9647115880.716002,9647115880.716002,107.87614451542096
COM00086.00,POINT (0.0011167141182028 5.14410365982918e-6),3.658615079213981,,Indonesia,Gold dominant ore,32700000000.0,21400.0,Gold,19759.617531000004,35300.0,699780000000000.0,699780000000000.0,0.00011188425318697188,697514498.8443002,697514498.8443002,185.1561688111695
COM00190.00,POINT (0.0013384588739873 -0.0003005579702298),31.07616681510019,,Australia,Bulk metal ore,1400000000000.0,,Silver,1020582.83268,445.0,,0.0,,454159360.5426,46772294289.896194,0.29566422692476124
COM00190.00,POINT (0.0013384588739873 -0.0003005579702298),31.07616681510019,,Australia,Bulk metal ore,1480000000000.0,,Gold,635029.318112,35300.0,,0.0,,22416534929.3536,46772294289.896194,23.453813956054095
COM00190.00,POINT (0.0013384588739873 -0.0003005579702298),31.07616681510019,,Australia,Bulk metal ore,1480000000000.0,,Copper,4330000000.0,5.52,,0.0,,23901600000.0,46772294289.896194,0.0036675652418532182
COM00205.00,POINT (-0.0010437087559321 0.0003663609992772),62.97186043180411,,United States of America,Gold dominant ore,295300000000.0,21400.0,Gold,420423.42609,35300.0,6319420000000000.0,6319420000000000.0,0.00021324707223773827,14840946940.977001,14840946940.977001,149.7819972056546
COM00276.00,POINT (-0.0006172016800264 -0.0001882475053224),57.42338464799151,,Chile,Copper dominant ore,3131100000000.0,0.84,Copper,29140000000.0,5.52,2630124000000.0,5260248000000.0,9.169842012071078e-06,160852800000.0,182209800000.0,0.0017396269753707709
COM00276.00,POINT (-0.0006172016800264 -0.0001882475053224),57.42338464799151,,Chile,Copper dominant ore,3131100000000.0,0.84,Molybdenum,791000000.0,27.0,2630124000000.0,5260248000000.0,9.169842012071078e-06,21357000000.0,182209800000.0,0.008509044988226598
COM00285.00,POINT (0.0002491872268368 -0.000235832498553),3.455754051993895,,South Africa,Gold dominant ore,17200000000.0,21400.0,Gold,4507.57417767,35300.0,368080000000000.0,368080000000000.0,0.00020091593325545905,159117368.47175097,159117368.47175097,766.6549491549802
COM00294.00,POINT (-0.0010484046781432 0.0003615620772025),38.991317147920405,,United States of America,Gold dominant ore,145054000000.0,21400.0,Gold,247689.782451,35300.0,3104155600000000.0,3104155600000000.0,0.00026880552861638016,8743449320.5203,8743449320.5203,157.4199660643409
COM00354.00,POINT (0.001099210835396 -0.0002505901989311),42.26621653587972,,Australia,Gold dominant ore,43000000000.0,21400.0,Gold,45359.236800000006,35300.0,920200000000000.0,920200000000000.0,0.0009829352682762724,1601181059.0400002,1601181059.0400002,931.8105752581736
COM00488.00,POINT (-0.0010452885317536 0.0003681037954874),81.59465500309095,,United States of America,Gold dominant ore,75000000000.0,21400.0,Gold,261146.356035,35300.0,1605000000000000.0,1605000000000000.0,0.001087928733374546,9218466368.0355,9218466368.0355,312.4479936919176
COM00611.00,POINT (0.0010915033381319 -0.0002764801777349),34.59700568157859,,Australia,Gold dominant ore,218400000000.0,21400.0,Gold,219425.30802,35300.0,4673760000000000.0,4673760000000000.0,0.0001584111981757261,7745713373.106,7745713373.106,157.6709906152902
COM00744.00,POINT (-0.0006317464189983 -0.0002979499415791),38.48139125732042,,Chile,Copper dominant ore,2053900000000.0,0.84,Copper,9489000000.0,5.52,1725276000000.0,1725276000000.0,1.8735766715672826e-05,52379279999.99999,52379279999.99999,0.00405536845371698
COM00748.00,POINT (-0.0001023361790601 0.0001170838083316),16.730810417772357,,Mali,Gold dominant ore,,21400.0,Gold,238135.994292,35300.0,,0.0,,8406200598.5076,8406200598.5076,70.2573773759594
COM00909.00,POINT (0.0002716881956769 0.0006235371054352),3.210541445721571,,Russian Federation,Bulk metal ore,84682000000.0,,Gold,680.388552,35300.0,,0.0,,24017715.8856,8085275259.6547,14.017100147411874
COM00909.00,POINT (0.0002716881956769 0.0006235371054352),3.210541445721571,,Russian Federation,Bulk metal ore,84682000000.0,,Copper,256000000.0,5.52,,0.0,,1413120000.0,8085275259.6547,0.0021919091448644058
COM00909.00,POINT (0.0002716881956769 0.0006235371054352),3.210541445721571,,Russian Federation,Bulk metal ore,84682000000.0,,Nickel,524000000.0,12.5,,0.0,,6550000000.0,8085275259.6547,0.004963562375145846
COM00909.00,POINT (0.0002716881956769 0.0006235371054352),3.210541445721571,,Russian Federation,Bulk metal ore,84682000000.0,,Palladium,2211.262794,28100.0,,0.0,,62136484.51140001,8085275259.6547,11.158088219327864
COM00909.00,POINT (0.0002716881956769 0.0006235371054352),3.210541445721571,,Russian Federation,Bulk metal ore,84682000000.0,,Platinum,1445.825673,24900.0,,0.0,,36001059.2577,8085275259.6547,9.887416251290528
COM00910.00,POINT (0.0007933159766765 0.0006249504407134),14.119272497439479,,Russian Federation,Bulk metal ore,672815000000.0,,Gold,147417.51960000003,35300.0,,0.0,,5203838441.880001,235505145884.46637,2.1163457693791656
COM00910.00,POINT (0.0007933159766765 0.0006249504407134),14.119272497439479,,Russian Federation,Bulk metal ore,672815000000.0,,Copper,11598000000.0,5.52,,0.0,,64020959999.99999,235505145884.46637,0.00033094132144399416
COM00910.00,POINT (0.0007933159766765 0.0006249504407134),14.119272497439479,,Russian Federation,Bulk metal ore,672815000000.0,,Nickel,6176000000.0,12.5,,0.0,,77200000000.0,235505145884.46637,0.0007494142242844071
COM00910.00,POINT (0.0007933159766765 0.0006249504407134),14.119272497439479,,Russian Federation,Bulk metal ore,672815000000.0,,Palladium,2568041.540955,28100.0,,0.0,,72161967300.8355,235505145884.46637,1.6846831761913468
COM00910.00,POINT (0.0007933159766765 0.0006249504407134),14.119272497439479,,Russian Federation,Bulk metal ore,672815000000.0,,Platinum,679453.017741,24900.0,,0.0,,16918380141.7509,235505145884.46637,1.4928331347745387
COM00920.00,POINT (0.0010889734789443 -0.000275844598322),6.380731685804169,,Australia,Gold dominant ore,2177000000.0,21400.0,Gold,8193.012147000001,35300.0,46587800000000.0,46587800000000.0,0.0029309745915499165,289213328.78910005,289213328.78910005,778.8016875015342
COM00981.00,POINT (-0.0010523456644043 0.0003638601821755),47.803543194796035,,United States of America,Bulk metal ore,249900000000.0,,Silver,1725918.9602400002,445.0,,0.0,,768033937.3068001,8151117236.5938,2.609774354144077
COM00981.00,POINT (-0.0010523456644043 0.0003638601821755),47.803543194796035,,United States of America,Bulk metal ore,253600000000.0,,Gold,114815.56815,35300.0,,0.0,,4052989555.695,8151117236.5938,207.02254989053014
COM00981.00,POINT (-0.0010523456644043 0.0003638601821755),47.803543194796035,,United States of America,Bulk metal ore,394700000000.0,,Copper,603277852.1,5.52,,0.0,,3330093743.592,8151117236.5938,0.032372931314326524
COM01053.00,POINT (-0.0005973572573469 -0.0002038671946195),5.016224903507324,,Argentina,Gold dominant ore,10377000000.0,21400.0,Silver,1409254.7883300001,445.0,222067800000000.0,666203400000000.0,0.00016113279057875828,627118380.8068501,924874556.1696501,2.4135382113931807
COM01053.00,POINT (-0.0005973572573469 -0.0002038671946195),5.016224903507324,,Argentina,Gold dominant ore,10377000000.0,21400.0,Lead,117934016.2,1.64,222067800000000.0,666203400000000.0,0.00016113279057875828,193411786.568,924874556.1696501,0.008894837453224306
COM01053.00,POINT (-0.0005973572573469 -0.0002038671946195),5.016224903507324,,Argentina,Gold dominant ore,10377000000.0,21400.0,Zinc,48987975.96,2.13,222067800000000.0,666203400000000.0,0.00016113279057875828,104344388.7948,924874556.1696501,0.011552441326443764
COM01105.00,POINT (0.00024549427366 -0.0002306099429516),10.675596829279455,,South Africa,Platinum-group metal ore,692000000000.0,1360.0,PGM,2146625.8914035996,54375.6,941120000000000.0,941120000000000.0,1.5427163048091697e-05,116724070820.60558,116724070820.60558,4.973198577372545
COM01308.00,POINT (-0.0010525386620532 0.0003702851935989),54.79673936004624,,United States of America,Gold dominant ore,81400000000.0,21400.0,Gold,321200.09559000004,35300.0,1741960000000000.0,1741960000000000.0,0.0006731786162167843,11338363374.327002,11338363374.327002,170.60000950308634
COM01418.00,POINT (0.0006083141728433 0.0003535293310338),7.8102091749562526,,Tajikistan,Gold dominant ore,,21400.0,Gold,9896.0,35300.0,,0.0,,349328800.0,349328800.0,789.2288980351913
